Razão Social;CNPJ;Endereço;BAIRRO;CEP;UF;MUNICÍPIO
POSTO GASTOTAL LTDA;00091610000148;AVENIDA GEREMARIO DANTAS,  88;JACAREPAGUÁ;22735010;RJ;RIO DE JANEIRO
G A P POSTO DE SERVICOS LTDA;00570871000140;RUA COMANDANTE RUBENS SILVA,  451;FREGUESIA (JACAREPAGUA);22745281;RJ;RIO DE JANEIRO
BOTAFOGO SERVE BEM AUTO POSTO LTDA;00608401000129;RUA BARAO DO ITAMBI,  72;BOTAFOGO;22231000;RJ;RIO DE JANEIRO
AUTO POSTO DE SERVICOS MARISOL LTDA;00712637000100;AVENIDA SERNAMBETIBA,  16500;RECREIO DOS BANDEIR;22795000;RJ;RIO DE JANEIRO
POSTO DE ABASTECIMENTO E SERVICOS V. MARQUES LTDA.;01131154000185;AVENIDA DOM HELDER CAMARA,  3124;DEL CASTILHO;20751971;RJ;RIO DE JANEIRO
CENTRO AUTOMOTIVO LAGOA BARRA LTDA;01234088000179;RUA MARIO RIBEIRO,  S/N;GÁVEA;23431000;RJ;RIO DE JANEIRO
THUYA AUTO POSTO DE SERVICOS LTDA;01264785000172;RUA ITALIA FAUSTA,  19;ITANHANGA;22641440;RJ;RIO DE JANEIRO
POSTO DE GASOLINA JOCKEY RIO LTDA;01315468000138;AVENIDA BARTOLOMEU MITRE,  1361;LEBLON;22431001;RJ;RIO DE JANEIRO
COMBUSTIVEIS LOBINHO LTDA - ME;01351380000171;RUA HADDOCK LOBO,  103;ESTACIO;20260001;RJ;RIO DE JANEIRO
BARRA 3 POSTO DE GASOLINA LTDA;01369210000114;AVENIDA DAS AMERICAS,  11505;BARRA DA TIJUCA;22793082;RJ;RIO DE JANEIRO
POSTO DE SERVIÇOS ROMÂNTICO LTDA;01679582000147;AVENIDA MARECHAL FONTENELLE,  3620;JARDIM SULACAP;22725000;RJ;RIO DE JANEIRO
CENTRO AUTOMOTIVO ANCORA LTDA;01868383000187;RUA CORONEL TEDIN,  40;JACAREPAGUA;22740011;RJ;RIO DE JANEIRO
CENTRO AUTOMOTIVO ESQUILOS LTDA;01985828000109;ESTRADA DE JACAREPAGUA,  4.735;JACAREPAGUA;22753044;RJ;RIO DE JANEIRO
AUTO POSTO CREMONEZE LTDA;01988505000179;ESTRADA DO MENDANHA,  4240;CAMPO GRANDE;23092002;RJ;RIO DE JANEIRO
AUTO POSTO SENNA LTDA;02575190000109;AVENIDA AYRTON SENNA,  S/N;BARRA DA TIJUCA;22775002;RJ;RIO DE JANEIRO
POSTO DE GASOLINA COROA DO MAR LTDA;02618774000106;ESTRADA ADHEMAR BEBIANO,  700;DEL CASTILHO;21051070;RJ;RIO DE JANEIRO
POSTO DE ABASTECIMENTO SERVICOS E COMERCIO LINHA AMARELA LTDA;02752766000158;AVENIDA AYRTON SENNA,  S/N;BARRA DA TIJUCA;22775002;RJ;RIO DE JANEIRO
AUTO CENTER GALINA LTDA;02779787000167;RUA SAO JOAO BATISTA,  73;BOTAFOGO;22270030;RJ;RIO DE JANEIRO
ABASTECIMENTO DE COMBUSTIVEIS RIO DO A LTDA;02850122000100;ESTRADA RIO DO A,  1425;CAMPO GRANDE;23080300;RJ;RIO DE JANEIRO
POSTO DE SERVICOS DENGOSO LTDA;03438999000143;ESTRADA DO MONTEIRO,  50;CAMPO GRANDE;23045830;RJ;RIO DE JANEIRO
CENTRO DE CONVENIENCIAS MILLENNIUM LTDA;03546544000222;RUA FRANCISCO EUGENIO,  349;CENTRO;20941120;RJ;RIO DE JANEIRO
AUTO POSTO TREVO DA BARRA LTDA;03573550000198;AVENIDA EMBAIXADOR ABELARDO BUENO,  3629;BARRA DA TIJUCA;22775039;RJ;RIO DE JANEIRO
MATTAR E MATTAR AUTO POSTO LTDA.;04971802000108;AVENIDA DAS AMERICAS,  10495;BARRA DA TIJUCA;22793082;RJ;RIO DE JANEIRO
TIC E TAC DE RAMOS POSTO DE SERVICOS LTDA;05026181000149;RUA URANOS,  1176;OLARIA;21060250;RJ;RIO DE JANEIRO
POSTO DE ABASTECIMENTO UBA GERAIS LTDA.;05928713000133;AVENIDA BRASIL,  34530;BANGU;21852001;RJ;RIO DE JANEIRO
POSTO DE COMBUSTIVEL MEGA ENGENHO NOVO LTDA;07343420000110;RUA SOUSA BARROS,  636;ENGENHO NOVO;20961150;RJ;RIO DE JANEIRO
MRB - COMERCIO DE PRODUTOS AUTOMOTIVOS LTDA;07499559000157;AVENIDA BRASIL,  5546;MANGUINHOS;21040361;RJ;RIO DE JANEIRO
AUTO POSTO DE ABASTECIMENTO ESTRELA DO OCEANO LTDA - ME;08638802000133;AVENIDA LUCIO COSTA,  6.410;BARRA DA TIJUCA;22620170;RJ;RIO DE JANEIRO
AUTO POSTO GALEGO DO RIO DA PRATA LTDA;09042671000190;ESTRADA DO CABUCU,  1765;CAMPO GRANDE;23017250;RJ;RIO DE JANEIRO
POSTO DE GASOLINA PEQUENA CRUZADA LTDA;09646518000171;AVENIDA EPITACIO PESSOA,  4916;LAGOA;22471003;RJ;RIO DE JANEIRO
AUTO POSTO TREVO DAS AMERICAS LTDA;10216713000140;AVENIDA DAS AMERICAS,  46673;PEDRA DE GUARATIBA;23032050;RJ;RIO DE JANEIRO
POSTO DE GASOLINA CIDADE DE DEUS LTDA;11333439000152;ESTRADA DO GABINAL,  1955;CIDADE DE DEUS;22763153;RJ;RIO DE JANEIRO
POSTO DE ABASTECIMENTO GALLENA LAGOA LTDA.;11398725000104;AVENIDA EPITACIO PESSOA,  1354;IPANEMA;22411072;RJ;RIO DE JANEIRO
BARRA GAS COMERCIO E SERVICOS LTDA;11513372000138;AVENIDA AYRTON SENNA,  9201;JACAREPAGUA;22775004;RJ;RIO DE JANEIRO
POSTO DE GASOLINA RENASCER LTDA;11534991000109;RUA SAO LUIZ GONZAGA,  2331;SAO CRISTOVAO;20910063;RJ;RIO DE JANEIRO
CENTRO AUTOMOTIVO CRUZADA DA BARRA LTDA.;12308662000102;AVENIDA DAS AMERICAS,  3201;BARRA DA TIJUCA;22631002;RJ;RIO DE JANEIRO
POSTO DE ABASTECIMENTO BARRA CAMPO GRANDE LTDA;14368087000169;ESTRADA RIO DO A,  1076;CAMPO GRANDE;23080300;RJ;RIO DE JANEIRO
MULTGAS POSTO DE GASOLINA LTDA;14618237000145;RUA FIGUEIRA DE MELO,  439;SAO CRISTOVAO;20941001;RJ;RIO DE JANEIRO
POSTO DE COMBUSTIVEIS BRAZ DE PINA LTDA;18903882000160;RUA GUAPORE,,  596;BRAZ DE PINA;21215100;RJ;RIO DE JANEIRO
LC CUGULA POSTO DE COMBUSTIVEIS LTDA;20238539000190;RUA LEOPOLDINA REGO,  604;PENHA;21021522;RJ;RIO DE JANEIRO
AUTO POSTO DO TRABALHO VILA DA PENHA LTDA;24242250000104;AVENIDA VICENTE DE CARVALHO,  1388;PENHA CIRCULAR;21210154;RJ;RIO DE JANEIRO
AUTO POSTO DO TRABALHO TIJUCA LTDA;24242317000100;RUA BARAO DE PIRASSINUNGA,  04;TIJUCA;20521170;RJ;RIO DE JANEIRO
AUTO POSTO DO TRABALHO RAMOS LTDA;24244755000108;RUA BARREIROS,  432;RAMOS;21031753;RJ;RIO DE JANEIRO
AUTO POSTO DO TRABALHO SAO CRISTOVAO LTDA;24244799000120;AVENIDA BRASIL,  1957;BENFICA;20930041;RJ;RIO DE JANEIRO
AUTO POSTO DO TRABALHO SANTISSIMO LTDA;24247497000105;AVENIDA DE SANTA CRUZ,  10824;SANTISSIMO;23010185;RJ;RIO DE JANEIRO
AUTO POSTO DO TRABALHO RIO COMPRIDO LTDA;24247515000159;RUA ITAPIRU,  941;CATUMBI;20251033;RJ;RIO DE JANEIRO
AUTO POSTO DO TRABALHO SANTA CRUZ LTDA;24248848000100;AVENIDA BRASIL,  55496;PACIENCIA;23575202;RJ;RIO DE JANEIRO
AUTO POSTO DO TRABALHO BELISARIO PENA LTDA;24248958000164;RUA BELISARIO PENA,  618;PENHA;21020010;RJ;RIO DE JANEIRO
AUTO POSTO DO TRABALHO MARACANA LTDA;24314878000160;RUA SAO FRANCISCO XAVIER,  312;MARACANA;20550013;RJ;RIO DE JANEIRO
AUTO POSTO MEM DE SA LTDA;26507310000190;AVENIDA MEM DE SA,  225;CENTRO;20230151;RJ;RIO DE JANEIRO
POSTO DE GASOLINA NOTA 10 DO GRAJAU LTDA;26643967000185;RUA BARAO DO BOM RETIRO,  1864;GRAJAU;20540342;RJ;RIO DE JANEIRO
POSTO DE COMBUSTIVEIS SAO DIMAS LTDA;27735297000190;RUA ALVARO RAMOS,  8;BOTAFOGO;22280110;RJ;RIO DE JANEIRO
AUTO POSTO TORINO LTDA;28240927000118;RUA ALVARO ALBERTO,  780;SANTA CRUZ;23550000;RJ;RIO DE JANEIRO
AUTO POSTO MASP JARDIM LTDA.;28455080000199;AVENIDA EMBAIXADOR ABELARDO BUENO,  0;BARRA DA TIJUCA;22775040;RJ;RIO DE JANEIRO
CARBAT DIST E ASSES DO COM DE DERIV DE PET LTDA;29456787000182;ESTRADA TRES RIOS,  2141;JACAREPAGUA;22740000;RJ;RIO DE JANEIRO
AUTO POSTO MONALISA LIMITADA;29520756000143;RUA JARDIM BOTANICO,  134;JARDIM BOTÂNICO;22461000;RJ;RIO DE JANEIRO
AUTO POSTO MASP QUINTA LTDA;30076676000120;RUA JOSE EUGENIO,  00011;SAO CRISTOVAO;20941140;RJ;RIO DE JANEIRO
POSTO ACONCHEGO DO VELHO LTDA;30662357000104;AVENIDA DE SANTA CRUZ,  6640;SENADOR CAMARA;21830264;RJ;RIO DE JANEIRO
AUTO POSTO DE GASOLINA E SERVICOS L & Z LTDA;31190986000133;ESTRADA DOS BANDEIRANTES,  23579;VARGEM GRANDE;22785091;RJ;RIO DE JANEIRO
AUTO POSTO LAGOA CARIOCA LTDA;31251202000130;AVENIDA EPITACIO PESSOA,  03666;LAGOA;22471004;RJ;RIO DE JANEIRO
COMERCIO DE PETROLEO E DERIVADOS GETULIO LTDA;31266569000127;AVENIDA GEREMARIO DANTAS,  00961;PECHINCHA;22743011;RJ;RIO DE JANEIRO
DISTRIBUIDORA WAY DE COMBUSTIVEIS LTDA;32156085000198;AVENIDA DAS AMERICAS,  2100;BARRA DA TIJUCA;22640101;RJ;RIO DE JANEIRO
POSTO DE GASOLINA JANA LTDA;32351470000196;RUA ITABIRA,  521;CORDOVIL;21215310;RJ;RIO DE JANEIRO
POSTO DE GASOLINA E LUBRIFICACAO ENGENHO DE DENTRO LTDA;33114208000190;AVENIDA AMARO CAVALCANTE,  1701;ENGENHO DE DENTRO;20735040;RJ;RIO DE JANEIRO
AUTO BENDIX WOLKS LTDA;33202581000101;RUA FREI CANECA,  312;CENTRO;20211050;RJ;RIO DE JANEIRO
POSTO DE GASOLINA N S DA PENHA LTDA;33267816000135;AVENIDA BRAZ DE PINA,  253;PENHA;21011400;RJ;RIO DE JANEIRO
POSTO DE GASOLINA SANTA LUZIA LTDA;33283177000100;AVENIDA BRASIL,  6325;RAMOS;21040360;RJ;RIO DE JANEIRO
POSTO DE GASOLINA ANDARAI LTDA;33638123000101;RUA BARAO DE MESQUITA,  558;ANDARAI;20540003;RJ;RIO DE JANEIRO
POSTO DE GASOLINA OLIVEIRENSE LTDA;33683921000155;RUA FRANCISCO REAL,  1116;BANGU;21810041;RJ;RIO DE JANEIRO
POSTO DE GASOLINA CENTRAL DA ABOLICAO LTDA;33832783000129;AVENIDA SUBURBANA,  7240;ABOLICAO;20751002;RJ;RIO DE JANEIRO
PONEI POSTO DE GASOLINA LTDA;34035303000161;AVENIDA BORGES DE MEDEIROS,  3151;LAGOA;22470001;RJ;RIO DE JANEIRO
POSTO DE GASOLINA CORDEIRO LTDA;34066472000169;AVENIDA GEREMARIO DANTAS,  1321;JACAREPAGUA;22760400;RJ;RIO DE JANEIRO
POSTO DE GASOLINA E LUBRIFICACAO IPINORT LTDA;34294041000150;AVENIDA LUZITANIA,  329;PENHA;21011400;RJ;RIO DE JANEIRO
POSTO DE GASOLINA AMOR LTDA;34381616000171;RUA FRANCISCO REAL,  560;PADRE MIGUEL;21715421;RJ;RIO DE JANEIRO
AUTOPOSTO DE COMBUSTIVEIS MASP ITANHANGA LTDA.;37819353000128;AVENIDA ENGENHEIRO SOUZA FILHO,  00400;ITANHANGA;22753053;RJ;RIO DE JANEIRO
AUTO POSTO JARDIM CARIOCA LTDA;39413174000111;RUA MUIATUCA,  125;JD CARIOCA;21921680;RJ;RIO DE JANEIRO
POSTO BARRA LINDA LTDA;39535059000110;AVENIDA DAS AMERICAS,  7000;BARRA DA TIJUCA;22793081;RJ;RIO DE JANEIRO
DAYSTAR AUTO POSTO BARRA LTDA;39567674000108;AVENIDA DAS AMERICAS,  01510;BARRA DA TIJUCA;22640900;RJ;RIO DE JANEIRO
KEM COM REP TRANSP SERV EXP IMP PROD DERV PETROLEO LTDA;40296824000175; ETR  MARECHAL ALENCASTRO,  3660;ANCHIETA;21625000;RJ;RIO DE JANEIRO
POSTO E GARAGEM RIO MONDEGO LTDA;42118018000132;RUA GENERAL ESPIRITO SANTO CARDOSO,  57;TIJUCA;20530500;RJ;RIO DE JANEIRO
POSTO DE GASOLINA BANDEIRA DOIS LTDA;42149732000198;RUA MENA BARRETO,  38;BOTAFOGO;22271100;RJ;RIO DE JANEIRO
AUTO POSTO MEU CEARA LTDA;42186593000172;RUA DA REGENERACAO,  615;BONSUCESSO;21040170;RJ;RIO DE JANEIRO
ITAIPU POSTO DE LAVAGEM E LUBRIFICAÇAO LTDA;42226621000138;RUA JOSE DOS REIS,  1863;ENGENHO DE DENTRO;20000000;RJ;RIO DE JANEIRO
AUTO ABASTECIMENTO LOVE STORY LTDA.;42247064000131; ETR  DA BARRA DA TIJUCA,  2770;BARRA DA TIJUCA;22641002;RJ;RIO DE JANEIRO
AUTO POSTO CRISTIANE LTDA;42254086000129;ESTRADA DOS BANDEIRANTES,  4680;JACAREPAGUA;22783117;RJ;RIO DE JANEIRO
AUTO POSTO NIASO LTDA;42291799000162;ESTRADA ENGENHO DA PEDRA,  755;OLARIA;21031030;RJ;RIO DE JANEIRO
POSTO DE GASOLINA DOM PEDRO II LTDA;42331363000150;RUA DAS LARANJEIRAS,  75 79;LARANJEIRAS;22240000;RJ;RIO DE JANEIRO
AUTO POSTO MERCURIO DA PAVUNA LTDA;42473785000160;RUA MERCURIO,  1450;PAVUNA;21532470;RJ;RIO DE JANEIRO
POSTO DE GASOLINA DAS AMERICAS LTDA;42547620000195;AVENIDA DAS AMERICAS,  14951;RECREIO DOS BANDEIRANTES;22790701;RJ;RIO DE JANEIRO
POSTO DE AUTO SERVICO CARMINDAO LTDA;42561944000188;AVENIDA ITAOCA,  1651;BONSUCESSO;21061020;RJ;RIO DE JANEIRO
AUTO POSTO TRES PONTOS LTDA;42609602000190;ESTRADA DO CACHAMORRA,  1280;CAMPO GRANDE;23040150;RJ;RIO DE JANEIRO
POSTO DE GASOLINA JOINHA LTDA;42610295000168;RUA CANDIDO BENICIO,  687;JACAREPAGUA;22733000;RJ;RIO DE JANEIRO
AUTO POSTO CRUZADA PENINSULA LTDA.;47308253000190;AVENIDA LUIZ CARLOS PRESTES,  S/N;BARRA DA TIJUCA;23032070;RJ;RIO DE JANEIRO
COMPANHIA BRASILEIRA DE DISTRIBUICAO;47508411241510;RUA JOSE DOS REIS,  1347;ENGENHO DE DENTRO;20770061;RJ;RIO DE JANEIRO
COMPANHIA BRASILEIRA DE DISTRIBUICAO;47508411245183;AVENIDA PADRE GUILHERME DECAMINADA,  2385;SANTA CRUZ;23575000;RJ;RIO DE JANEIRO
AUTO POSTO GUERENGUE MINISHOP LTDA;68719541000108;ESTRADA DO GUERENGUE,  1291;JACAREPAGUA;22713001;RJ;RIO DE JANEIRO
CW 332 SERVICOS AUTOMOTORES LTDA;72374952000186;RUA REAL GRANDEZA,  336;BOTAFOGO;22281032;RJ;RIO DE JANEIRO
POSTO DE SERVICOS VIA 8 LTDA;97468946000119;ESTRADA DOS BANDEIRANTES,  4205;JACAREPAGUA;22783117;RJ;RIO DE JANEIRO
AUTO POSTO MACHADO LTDA;02924411000280;RODOVIA DE DUCA SERRA,  809;CABRALZINHO;68906801;AP;MACAPA
J C DA S FARIAS EIRELI;03281737000118;AVENIDA ANTONIO COELHO DE CARVALHO,  2257;CENTRAL;68901280;AP;MACAPA
J C DA S FARIAS EIRELI;03281737000207;RODOVIA DE DUCA SERRA,  S/N;MARABAIXO;68906301;AP;MACAPA
AEROPOSTO COMBUSTIVEIS AUTOMOTIVOS LTDA;08580311000260;RODOVIA JUSCELINO KUBITSCHEK,  3011;UNIVERSIDADE;68903419;AP;MACAPA
AEROPOSTO COMBUSTIVEIS AUTOMOTIVOS LTDA;08580311000340;RUA LEOPOLDO MACHADO,  4246;BEIROL;68902020;AP;MACAPA
MACHADO & ANDRADE LTDA;08945482000164;RODOVIA JUSCELINO KUBITSCHEK,  841;JARDIM MARCO ZERO;68903014;AP;MACAPA
AUTO POSTO PLAYCENTER LTDA;09087882000149;RODOVIA JUSCELINO KUBITSCHEK,  S/N;JARDIM EQUATORIAL;68903970;AP;MACAPA
AUTO POSTO SANTA LUIZA LTDA;09217162000150;RUA HILDEMAR MAIA,  3481;BURITIZA;68902870;AP;MACAPA
REAL PETROLEO LTDA;09405430000591;RUA HAMILTON SILVA,  2228;CENTRAL;68900068;AP;MACAPA
POSTO DE COMBUSTIVEIS JARDINS LTDA;10522077000185;RUA VEREADOR JULIO MARIA PINTO PEREIRA,  1430;JARDIM FELICIDADE;68909000;AP;MACAPA
POSTO DE COMBUSTIVEIS JARDINS LTDA;10522077000428;RUA INSPETOR AIMORE,  670;ZERAO;68903290;AP;MACAPA
POSTO DE COMBUSTIVEIS JARDINS LTDA;10522077000690;AVENIDA DAS UVAS,  107;INFRAERO;68908794;AP;MACAPA
POSTO DE COMBUSTIVEIS JARDINS LTDA;10522077000770;RUA LEOPOLDO MACHADO,  1525;CENTRAL;68900067;AP;MACAPA
POSTO DE COMBUSTIVEIS JARDINS LTDA;10522077000932;RAMAL DA UNIFAP (KM 02 DA ROD, JK.),  1781;UNIVERSIDADE;68903758;AP;MACAPA
POSTO DE COMBUSTIVEIS JARDINS LTDA;10522077001157;RODOVIA DEDUCA SERRA,  6719;CABRALZINHO;68906801;AP;MACAPA
POSTO DE COMBUSTIVEIS JARDINS LTDA;10522077001408;CAN DAS PEDRINHAS,  2033;ZERÃO;68903660;AP;MACAPA
POSTO DE COMBUSTIVEIS JARDINS LTDA;10522077001580;AVENIDA MARCILIO DIAS,  321;JULIAO RAMOS;68908200;AP;MACAPA
POSTO DE COMBUSTIVEIS JARDINS LTDA;10522077001661;AVENIDA SALGADO FILHO,  643;CENTRAL;68900032;AP;MACAPA
FORTE PETROLEO LTDA;14008376000157;RUA SANTOS DUMONT,  3460;MUCA;68902230;AP;MACAPA
MONTE & FILHOS LTDA;14572838000245;RODOVIA JUSCELINO KUBSTCHECK,  S/N;MARCO ZERO;68903000;AP;MACAPA
W DA R CIRQUEIRA;20488504000100;AVENIDA COQUEIRO,  201;BRASIL NOVO;68909315;AP;MACAPA
W DA R CIRQUEIRA II LTDA;28118437000143;RUA RANOLFO DE SOUZA GATO,  1106;MARABAIXO;68909891;AP;MACAPA
POSTO CATARINAO EIRELI;33372810000128;RODOVIA BR-210,  SN;BRASIL NOVO;68909398;AP;MACAPA
POSTO ANDRADE LTDA;37893090000105;AVENIDA PEDRO LAZARINO,  54;SANTA INES;68901541;AP;MACAPA
POSTO ANDRADE LTDA;37893090000288;RUA SAO PAULO,  381;PACOVAL;68908370;AP;MACAPA
POSTO GOLL PADRE JULIO LTDA;47541680000114;RUA ODILARDO SILVA,  1894;CENTRAL;68900151;AP;MACAPA
AUTO POSTO SAMAUMA LTDA;02486741000150;AVENIDA SAMAUMA,  2;CIDADE NOVA;69090650;AM;MANAUS
AUTO POSTO SAMAUMA LTDA;02486741000230;AVENIDA TORQUATO TAPAJOS,  926;SANTA ETELVINA;69048660;AM;MANAUS
COTAM - COOPERATIVA DE CONSUMO DOS TAXISTAS AUTONOMOS DE MANAUS;02533862000377;RUA QUINTINO BOCAIUVA,  742;CENTRO;69005110;AM;MANAUS
AMC DE MENEZES;04239912000171; BAIA DO RIO NEGRO,  SN;EDUCANDOS;69074780;AM;MANAUS
GDA PETROLEO LTDA;04564225000121;AVENIDA ALVARO MAIA,  S/N;CENTRO;69025070;AM;MANAUS
PETROMAM REPRESENTAÇOES E COMERCIO LTDA;05511753000185;AVENIDA COSME FERREIRA,  8991;ALEIXO;69083000;AM;MANAUS
RECOPEL REPRESENTAÇOES E COMERCIO LTDA;05514674000128;AVENIDA AUTAZ MIRIM,  1716;DISTRITO INDUSTRIAL;69085000;AM;MANAUS
BB REVENDEDORA DE DERIVADOS DE PETROLEO LTDA;08083906000129;RUA SANTA MARIA,  2;ZUMBI DOS PALMARES;69084452;AM;MANAUS
M J COMERCIO DE COMBUSTIVEIS E TRANSPORTE LTDA;08900277000182;AVENIDA MARQUES VILLA REAL DE PRAIA GRANDE,  1;FLORES;69058100;AM;MANAUS
AMAZONIA TRANSPORTE IMPORTAÇAO E EXPORTAÇAO LTDA;09417537000126;RUA CONDE DE SERGIMIRIM,  284;FLORES;69058402;AM;MANAUS
V K COMERCIO DE DERIVADOS DE PETROLEO LTDA;10264755000157;RUA DONA MIMI,  555;MORRO DA LIBERDADE;69074760;AM;MANAUS
D. R. A. DERIVADO DE PETROLEO LTDA;10773536000101;RUA COMANDANTE  NORBERTO WONGAL,  33;REDENÇÃO;69047095;AM;MANAUS
D. R. A. DERIVADO DE PETROLEO LTDA;10773536000284;RUA VALERIO BOTELHO DE ANDRADE,  284;SAO FRANCISCO;69079260;AM;MANAUS
AUTO POSTO UNIAO LTDA;23029382000777;AVENIDA TEFE,  78;RAIZ;69068000;AM;MANAUS
AUTO POSTO UNIAO LTDA;23029382000858;AVENIDA TEFE,  2165;RAIZ;69068000;AM;MANAUS
LVM COMERCIO VAREJISTA DE DERIVADOS DE PETROLEO LTDA;26823718000171;AVENIDA TENENTE ROXANA BONESSI (CJ GALILEIA LL),  3785;NOVA CIDADE;69092000;AM;MANAUS
POSTO SAO JOSE COMERCIO DE DERIVADOS DE PETROLEO LTDA;27698977000180;AVENIDA AUTAZ MIRIM,  64;SAO JOSE OPERARIO;69085000;AM;MANAUS
AUTO POSTO CRM LTDA;30190007000184;RUA CEL FERREIRA DE ARAUJO,  809;PETROPOLIS;69063000;AM;MANAUS
AUTO POSTO ALEIXO LTDA;30190091000136;AVENIDA COSME FERREIRA,  6039;ALEIXO;69083000;AM;MANAUS
AUTO POSTO RAQUEL LTDA;30190358000195;RUA DONA RAQUEL SOUZA,  39;PETROPOLIS;69063590;AM;MANAUS
AUTO POSTO RECIFE LTDA;30273903000107;AVENIDA RECIFE,  200;FLORES;69058775;AM;MANAUS
AUTO POSTO PONTA NEGRA LTDA;35008891000107;AVENIDA CORONEL TEIXEIRA,  7461;NOVA ESPERANCA;69037473;AM;MANAUS
AUTO POSTO ARENA LTDA;40242761000174;RUA LORIS CORDOVIL,  907;ALVORADA;69043010;AM;MANAUS
AUTO POSTO DJALMA LTDA;42562612000118;AVENIDA DJALMA BATISTA,  5235;PARQUE 10 DE NOVEMBRO;69055038;AM;MANAUS
A F L COMERCIO DE DERIVADOS DE PETROLEO LTDA;45455387000109;AVENIDA PROFESSOR NILTON LINS,  1880;FLORES;69058130;AM;MANAUS
MUCURIPE COMERCIO DE COMBUSTIVEIS LTDA;84110394000554;RUA MACEIO,  132;ADRIANOPOLIS;69057010;AM;MANAUS
MUCURIPE COMERCIO DE COMBUSTIVEIS LTDA;84110394003308;AVENIDA SENADOR RAIMUNDO PARENTE,  215;ALVORADA;69048662;AM;MANAUS
MUCURIPE COMERCIO DE COMBUSTIVEIS LTDA;84110394003570;RUA CHIQUINHA GONZAGA,  214;PETROPOLIS;69067045;AM;MANAUS
JATOLUX COMERCIO E REPRES. LTDA;84529569000139;RUA EMILIO MOREIRA,  1669;PRAÇA 14 DE JANEIRO;69020040;AM;MANAUS
J&J COMBUSTIVEIS LTDA;06115130000156;AVENIDA ANTONIO CARLOS MAGALHAES,  5863;SANTA TERESA;40265200;BA;SALVADOR
SOBRAL & FILHOS COMERCIO DE COMBUSTIVEIS LTDA;11322064001288;AVENIDA GENERAL GRACA LESSA,  000305;ENGENHO VELHO DE BROTAS;40240325;BA;SALVADOR
J A SOBRAL & CIA LTDA;13799101000892;RUA DJALMA DUTRA,  141;NAZARE;40240080;BA;SALVADOR
POSTO INDEPENDENCIA DE LUBRIFICACAO LTDA;15127988000121;LADEIRA DA INDEPENDENCIA,  173;NAZARE;40040340;BA;SALVADOR
COELHO COMERCIO DE COMBUSTIVEIS LTDA;15621824000156;AVENIDA PRESIDENTE VARGAS,  S/N;ONDINA;40170010;BA;SALVADOR
S DANTAS E FILHOS LTDA;15623002000104;AVENIDA SAO LUIS,  S/N;PARIPE;40810630;BA;SALVADOR
WF COMERCIO DE COMBUSTIVEIS E SERVICOS LTDA;18317568000104;AVENIDA PROFESSOR MANOEL RIBEIRO,  S/N;STIEP;41770095;BA;SALVADOR
GARDA COMERCIO DE COMBUSTIVEIS LTDA;36240171000135;AVENIDA PROFESSOR PINTO DE AGUIAR,  649;PITUACU;41740090;BA;SALVADOR
H M A COMERCIAL DE COMBUSTIVEIS LTDA;01564759000160;RUA PROF GOMES BRASIL,  475;PARANGABA;60720150;CE;FORTALEZA
TVC COMERCIO DE DERIVADOS DE PETROLEO LTDA;01690127000142;RUA BARAO AQUIRAZ,  3101;COACU;60871684;CE;FORTALEZA
JG COMERCIO DE PETROLEO LTDA;02135496000217;RUA ENG ANTONIO FERREIRA ANTERO,  455;COCO;60821765;CE;FORTALEZA
DAMPETRO COMERCIO DE DERIVADOS DE PETROLEO LTDA;02486455000194;AVENIDA BARAO DE STUDART,  1050;ALDEOTA;60120001;CE;FORTALEZA
G A COMERCIO DE DERIVADOS DE PETROLEO LTDA;03477535000146;AVENIDA JORNALISTA TOMAZ COELHO,  410;MESSEJANA;60842020;CE;FORTALEZA
MILLENNIUM PETROLEO LTDA;03524403000128;AVENIDA DEPUTADO PAULINO ROCHA,  3003;CASTELAO;60864310;CE;FORTALEZA
SUPER COMERCIO DE COMBUSTIVEIS LTDA;03720675000101;TRAVESSA PARIS,  1133;PAPICU;60175690;CE;FORTALEZA
BARRACUDA COMERCIAL DE PETROLEO LTDA;06220994000138;RUA GODOFREDO MACIEL,  277;PARANGABA;60710000;CE;FORTALEZA
IGUATEMI DERIVADOS DE PETROLEO LTDA;07304199000352;AVENIDA OSORIO DE PAIVA,  6800;SIQUEIRA;60720001;CE;FORTALEZA
SUELLEN QUEIROS PINHEIRO - ME;07913812000177;AVENIDA D,  1289;CONJUNTO CEARA;60533620;CE;FORTALEZA
LEONARDO LIMA E CIA LTDA - EPP;07936289000102;AVENIDA PRES CASTELO BRANCO,  709;JACARECANGA;60312060;CE;FORTALEZA
MONTEZUMA COMERCIO E SERVICOS DE PETROLEO LTDA;08394192000170;AVENIDA ESTRADA BARAO DE AQUIRAZ,  2530;COACU;60871684;CE;FORTALEZA
MONTEZUMA COMERCIO E SERVICOS DE PETROLEO LTDA;08394192000684;RUA GRACA ARANHA,  150;BARRA DO CEARA;60334170;CE;FORTALEZA
JOCKEY COMÉRCIO DE COMBUSTÍVEIS LTDA.;09324577000123;AVENIDA LINEU MACHADO,  560;PICI;60520380;CE;FORTALEZA
DISTRIBUIDORA DE PETROLEO NOTA DEZ LTDA;09434042000105;AVENIDA PADRE ANTONIO TOMAS,  3600;PAPICU;60140160;CE;FORTALEZA
AB COMERCIO DE COMBUSTIVEIS E LUBRIFICANTES LTDA;09455725000149;RUA VALPARAISO,  700;CONJUNTO PALMEIRAS;60870440;CE;FORTALEZA
POSTO BRAGA CAMBEBA EIRELI;10343353000148;AVENIDA MINISTRO JOSE AMERICO,  1281;PARQUE IRACEMA;60824245;CE;FORTALEZA
DALLAS DERIVADOS DE PETROLEO LTDA;10478691000510;AVENIDA PROFESSOR GOMES DE MATOS,  1065;MONTESE;60410001;CE;FORTALEZA
SL COMERCIAL DE COMBUSTIVEIS E DERIVADOS DE PETROLEO LTDA;10704108000119;AVENIDA VISCONDE DO RIO BRANCO,  5922;AEROLANDIA;60055172;CE;FORTALEZA
PADRE PIO COMERCIO DE COMBUSTIVEIS LTDA;12317351000100;RUA DOUTOR  ALISIO MAMEDE,  463;VARJOTA;60175310;CE;FORTALEZA
ANJOS COMERCIO DE DERIVADOS DE PETROLEO LTDA;14496482000127;AVENIDA ALBERTO CRAVEIRO,  1347;BOA VISTA;60861211;CE;FORTALEZA
VIP COMERCIO DE PETROLEO LTDA;16577643000132;RUA SENADOR ALENCAR,  1181;CENTRO;60030051;CE;FORTALEZA
IPANEMA COMERCIO E SERVICOS DE DERIVADOS DE PETROLEO LTDA;17858105000189;RUA RIO GRANDE DO SUL,  1240;DEMOCRITO ROCHA;60440131;CE;FORTALEZA
PROJECAO COMERCIO DE DERIVADOS DE PETROLEO LTDA.;22278355000180;RUA PADRE VALDEVINO,  999;ALDEOTA;60135041;CE;FORTALEZA
J C COMERCIO DE COMBUSTIVEL LTDA;23570062000134;AVENIDA ANTONIO JUSTA,  2400;MEIRELES;60160090;CE;FORTALEZA
F.NOBRE COMERCIO DE PETROLEO LTDA;30370632000108;RUA NOGUEIRA ACIOLI,  767;CENTRO;60110140;CE;FORTALEZA
G.M. COMERCIO DE COMBUSTIVEIS LTDA;39895264000196;AVENIDA WASHINGTON SOARES,  6445;JOSE DE ALENCAR;60830005;CE;FORTALEZA
PRIME COMERCIO DE COMBUSTIVEIS E DERIVADOS DE PETROLEO LTDA;40522425000185;AVENIDA DEPUTADO PAULINO ROCHA,  2000;CAJAZEIRAS;60864310;CE;FORTALEZA
COMERCIAL JOAO FERREIRA PETROLEO LTDA;41414822000368;RUA SENADOR ALVARO ADOLFO,  1789;ANTÔNIO BEZERRA;60355570;CE;FORTALEZA
CENTRO EMPRESARIAL DRA ZUILA ALENCAR BARREIRA BRAGA LTD;41557018000176;AVENIDA JOSE BASTOS,  3950;DAMAS;60020292;CE;FORTALEZA
DISTRIBUIDORA CANAA DE COMBUSTIVEIS LTDA;41560566000155;AVENIDA ANTONIO SALES,  2880;DIONISIO TORRES;60135102;CE;FORTALEZA
LEAL VIII COMERCIO DE PETROLEO LTDA;44857025000181;AVENIDA BEZERRA DE MENEZES,  2323;SAO GERARDO;60325004;CE;FORTALEZA
COMERCIAL RECAMONDE DERIVADOS DE PETROLEO LTDA;63456560000256;AVENIDA DR THERBERGE,  1620;COLONIA;60335480;CE;FORTALEZA
POSTO SAO DOMINGOS LTDA;69366128000250;AVENIDA MISTER HULL,  4000;ANTONIO BEZERRA;60356000;CE;FORTALEZA
POSTO SHOPING MANGUE LTDA;86870680000110;AVENIDA RAUL BARBOSA,  900;PIO XII;60130530;CE;FORTALEZA
CIPLAN CIMENTO PLANALTO SA;00057240004624;RODOVIA DF-205,  S/N;SETOR HABITACIONAL FERCAL (SOBRADINHO);73151010;DF;BRASILIA
CASCOL COMBUSTIVEIS PARA VEICULOS LTDA;00306597001411;SETOR SHIS EPDB QI 13/QL 14 LOTE 1 PAG,  S/N;LAGO SUL;71635013;DF;BRASILIA
CASCOL COMBUSTIVEIS PARA VEICULOS LTDA;00306597002655;SETOR SPMS EPIA LOTE 07,  S/N;N BANDEIRANTE;71727800;DF;BRASILIA
CASCOL COMBUSTIVEIS PARA VEICULOS LTDA;00306597003899;AREA ESPECIAL 11 PARA INDUSTRIA POSTO DE GASOLINA,  02;SOBRADINHO;73045620;DF;BRASILIA
CASCOL COMBUSTIVEIS PARA VEICULOS LTDA;00306597004437;QUADRA QUADRA 108 LOTE 01 AVENIDA RECANTO DAS EMAS,  S/N;RECANTO DAS EMAS;71805970;DF;BRASILIA
CASCOL COMBUSTIVEIS PARA VEICULOS LTDA;00306597004780;AVENIDA A/C AVENIDA DAS CASTANHEIRAS LOTE,  1950;AGUAS CLARAS;71900100;DF;BRASILIA
CASCOL COMBUSTIVEIS PARA VEICULOS LTDA;00306597006480;AVENIDA PRIMEIRA  AV. NORTE LOTE,  10/12;SAMAMBAIA;72320000;DF;BRASILIA
CASCOL COMBUSTIVEIS PARA VEICULOS LTDA;00306597006642;SETOR SETOR SUL COMERCIO LOCAL 102 LOTE B,  S/N;SANTA MARIA;72501100;DF;BRASILIA
CASCOL COMBUSTIVEIS PARA VEICULOS LTDA;00306597007703;QUADRA 09 CONJUNTO L LOTE,  S/N;ARAPOANGA (PLANALTINA);73369020;DF;BRASILIA
CASCOL COMBUSTIVEIS PARA VEICULOS LTDA;00306597007967;AREA AREA ESPECIAL 03/05 SETOR OESTE,  S/N;GAMA;72420280;DF;BRASILIA
CASCOL COMBUSTIVEIS PARA VEICULOS LTDA;00306597008343;AVENIDA A/C AVENIDA DAS ARAUCARIAS LOTE,  525;AGUAS CLARAS;71936250;DF;BRASILIA
CASCOL COMBUSTIVEIS PARA VEICULOS LTDA;00306597008777;QUADRA QN 122 CONJUNTO 07 LOTE,  06;SAMAMBAIA;72310108;DF;BRASILIA
AUTO POSTO ESPLANADA LTDA;00365320000145; QS 05 RUA 800,  S/N;TAGUATINGA;71920540;DF;BRASILIA
KARSERV COMBUSTIVEIS LUBRIFICANTES E SERVICOS LTDA;00689380000113; SOF PLL LOTE,  01;PLANALTINA;73340600;DF;BRASILIA
AUTO POSTO CINCO ESTRELAS LTDA;00692418001774;QUADRA QUADRA QNN 4 LOTE PLL 01,  S/N;SETOR INDUSTRIAL (CEILANDIA);72265040;DF;BRASILIA
CEU 070 COMBUSTIVEIS LTDA;00976256000139; LOTE 499 GLEBA 04 PROJ INTEG,  S/N;CEILANDIA;72701970;DF;BRASILIA
AUTO POSTO RAMALHO LTDA;01276763000122;RODOVIA DF 180 KM 06,  S/N;BRAZLANDIA;72720000;DF;BRASILIA
POSTO SIA 3 LTDA;02040344000150; SIAS TR 03,  S/N;ST IND ABAST SUL;71200030;DF;BRASILIA
AUTO POSTO ESQUINA LIMITADA;02551867000160;QUADRA SAA NORTE QUADRA 04,  566;ASA NORTE;70632400;DF;BRASILIA
AUTO POSTO G SUL LTDA;02570563000140; CSG 13 LOTE 01,  SN;TAGUATINGA;72035513;DF;BRASILIA
AUTO POSTO BRAGA LTDA;05208306000151;QN-QUADRA NORTE 502,  S/N;SAMAMBAIA;72310301;DF;BRASILIA
AUTO POSTO BRAGA LTDA;05208306000232;QUADRA QNA 25,  0;TAGUATINGA;72110250;DF;BRASILIA
PETRONORTE COMBUSTIVEIS LTDA;06071706000392;RODOVIA DF-290 KM 1,2 CHACARA,  12;NUCLEO RURAL HORTIGRANJEIRO DE SANTA MARIA;72578000;DF;BRASILIA
PETRONORTE COMBUSTIVEIS LTDA;06071706000473;QUADRA QI 616 CONJUNTO I LOTE,  03;SAMAMBAIA;72310108;DF;BRASILIA
AUTO POSTO DF 180 LTDA;07347238000137;QUADRA QN 433 CONJUNTO G LOTE,  01;SAMABAIA;72322570;DF;BRASILIA
POSTO CIDADE DO AUTOMOVEL LTDA;07441011000237;AREA ADE  CONJUNTO,  21;AGUAS CLARAS;71989600;DF;BRASILIA
AUTO POSTO BR 060 LTDA;07736181000168;QUADRA QS 5L7 CONJUNTO E LOTE,  01;SAMAMBAIA;72315555;DF;BRASILIA
HELIO PRATES COMERCIO DE COMBUSTIVEIS E DERIVADOS LTDA;08111678000153;QUADRA QNJ AREA ESPECIAL,  01;TAGUATINGA;72140601;DF;BRASILIA
MAXIMO COMERCIO DE DERIVADOS DE PETROLEO LTDA;10471346000121;SETOR SPMN EPIA DF 003 CONJUNTO B BLOCO A,  S/N;LAGO NORTE;71560100;DF;BRASILIA
COMERCIAL DE COMBUSTIVEIS MAM LTDA;10702904000112;SETOR SPM EPIA/SUL LOTE,  02;CANDANGOLANDIA;71727800;DF;BRASILIA
AUTO POSTO NN 10 LTDA;11936605000105;QUADRA QNN 10 LOTE PLL,  01;CEILANDIA;72220100;DF;BRASILIA
AUTO POSTO NM 16 LTDA;11948180000154;QUADRA QNM 16 LOTE G PARTE,  01;CEILANDIA;72210160;DF;BRASILIA
AUTO POSTO NM 16 LTDA;11948180000235;QUADRA QND 46,  0;TAGUATINGA NORTE;72120460;DF;BRASILIA
POSTO DE COMBUSTIVEIS CONNECTA CEILANDIA SUL LTDA;12123780000146;QUADRA QNN 34 AREA ESPECIAL F PLL,  S/N;CEILANDIA SUL (CEILANDIA);72220346;DF;BRASILIA
QUALITY COMERCIO DE COMBUSTIVEIS LTDA;14897109000188;SIG CONJUNTO C,  1;TAGUATINGA NORTE;72020016;DF;BRASILIA
QUALITY COMERCIO DE COMBUSTIVEIS LTDA;14897109000269;QUADRA QNL 11 CONJUNTO F LOTE,  18;TAGUATINGA;72151106;DF;BRASILIA
AUTO POSTO VIA ESTRUTURAL LTDA;23597031000177;SETOR SCIA QUADRA 10 CONJUNTO 2,  06;ZONA INDUSTRIAL (GUARA);71250620;DF;BRASILIA
AUTO POSTO VIA ESTRUTURAL LTDA;23597031000258;QUADRA EPDB QI 19/QL 18 LOTE,  01;SETOR DE HABITACOES INDIVIDUAIS SUL;71655500;DF;BRASILIA
AUTO POSTO VIA ESTRUTURAL LTDA;23597031000339;MODULO 3 SETOR HABITACIONAL MESTRE DARMAS QUADRA 19 LOTE,  06;CONDOMINIO MESTRE DARMAS (PLANALTINA);73403309;DF;BRASILIA
AUTO POSTO ANDRADE LTDA;24046493000169;QUADRA QNN 31,  SN;CEILANDIA NORTE (CEILANDIA);72225310;DF;BRASILIA
AUTO POSTO ANDRADE LTDA;24046493000240;SETOR CENTRO METROPOLITANO QUADRA 1 LOTE,  05;TAGUATINGA NORTE (TAGUATINGA);72158100;DF;BRASILIA
AUTO POSTO ANDRADE LTDA;24046493000320;SETOR SHCNW CRENW,  01;SETOR NOROESTE;70687400;DF;BRASILIA
AUTO POSTO FENIX ODJ LTDA;25004046000100;CHACARA EPTG CHACARA 54,  S/N;SETOR HABITACIONAL VICENTE PIRES;72005305;DF;BRASILIA
AUTO POSTO FENIX ODJ LTDA;25004046000290;QUADRA SHRF QN 7 AE 1,  S/N;RIACHO FUNDO I;71805700;DF;BRASILIA
CRUZEIRO COMBUSTIVEIS E SERVICOS S/A;26991067000129;TRECHO SIA TRECHO 12,  S/N;ZONA INDUSTRIAL (GUARA);71200110;DF;BRASILIA
AUTO POSTO MARK SOBRADINHO II LTDA;29116420000110;QUADRA AR 03,  S/N;SETOR OESTE (SOBRADINHO II);73060130;DF;BRASILIA
AUTO POSTO GAMA CENTRO LTDA;31403063000112;QUADRA 55 LOTE 08,  S/N;SETOR CENTRAL (GAMA);72405550;DF;BRASILIA
POSTO DE COMBUSTIVEIS EPIA CANDANGOLANDIA LTDA;31403111000172;SETOR DE POSTOS E MOTEIS SUL I (LADO PAR),  S/N;CANDANGOLANDIA;71727800;DF;BRASILIA
AUTO POSTO COMERCIO DE COMBUSTIVEIS MN LTDA;32044415000153;RODOVIA DF-128,  S/N;SETOR RESIDENCIAL MESTRE DARMAS (PLANALTINA);73380150;DF;BRASILIA
POSTO DE COMBUSTIVEL QI 09 LAGO SUL LTDA;32965877000103;SETOR EPDB QI 9 / QL 10 LOTE 2 PAC 1,  S/N;SETOR DE HABITACOES INDIVIDUAIS SUL;71630095;DF;BRASILIA
POSTO DE COMBUSTIVEL PH 040 LTDA;33977914000166;RODOVIA BR-040 KM 05 GLEBA 02,  SN;SANTA MARIA;72549650;DF;BRASILIA
QNL POSTO DE COMBUSTIVEL LTDA;35161655000126;QUADRA EQNL 2/4 BLOCO B,  01;TAGUATINGA NORTE (TAGUATINGA);72155502;DF;BRASILIA
AUTO POSTO DE COMBUSTIVEL FLAMINGO LTDA;36180754000118;RODOVIA SPMN EPIA DF-003 LOTE,  04 PLL;SETOR DE POSTOS E MOTEIS NORTE (LAGO NORTE);71560100;DF;BRASILIA
POSTO DE COMBUSTIVEIS ADE LTDA;36297444000188;AREA ADE CONJUNTO 11 LOTE,  16;AREA DE DESENVOLVIMENTO ECONOMICO (AGUAS CLARAS);71987360;DF;BRASILIA
POSTO DE COMBUSTIVEL CAMPEAO 070 LTDA;36642184000130;AREA GLEBA 03 NUCLEO RURAL ALEXANDRE GUSMAO LOTE 455,  S/N;CEILANDIA;72701997;DF;BRASILIA
AUTO SHOPPING DERIVADOS DE PETROLEO LTDA;37063328000752;QUADRA 318 COMERCIAL LOCAL LOTE A,  S/N;SANTA MARIA;72501100;DF;BRASILIA
AUTO SHOPPING DERIVADOS DE PETROLEO LTDA;37063328000833;QUADRA QI 07 LOTES 620/640,  S/N;SETOR INDUSTRIAL (GAMA);72445070;DF;BRASILIA
AUTO SHOPPING DERIVADOS DE PETROLEO LTDA;37063328000914; QI 19 LOTES 02 E 04,  S/N;TAGUATINGA;72120190;DF;BRASILIA
AUTO SHOPPING DERIVADOS DE PETROLEO LTDA;37063328001058;CONJUNTO SMDB CONJUNTO 12 LOTE 02 PLL,  S/N;SETOR DE MANSOES DOM BOSCO (LAGO SUL);71680120;DF;BRASILIA
AUTO SHOPPING DERIVADOS DE PETROLEO LTDA;37063328001309;SETOR SCE/SUL TRECHO 02 CONJUNTO 03,  S/N;BRASILIA;70200002;DF;BRASILIA
AUTO SHOPPING DERIVADOS DE PETROLEO LTDA;37063328001805;SETOR SCE/SUL TRECHO 02 CONJUNTO 27 PARTE,  S/N;BRASILIA;70200002;DF;BRASILIA
AUTO SHOPPING DERIVADOS DE PETROLEO LTDA;37063328002372;SETOR SHC/NORTE SQ 111 BLOCO A PAG,  S/N;ASA NORTE;70754000;DF;BRASILIA
AUTO SHOPPING DERIVADOS DE PETROLEO LTDA;37063328002968;RODOVIA DF/290 KM 01 LOTE  10 A PLL,  S/N;SANTA MARIA;72578000;DF;BRASILIA
AUTO SHOPPING DERIVADOS DE PETROLEO LTDA;37063328003000;SETOR SANTA MARIA, SETOR RODOVIA DF-140, KM 6,5 CONJUNTO 2, LOTE,  07;SANTA MARIA;71686650;DF;BRASILIA
POSTO TOP TAGUATINGA COMERCIO DE COMBUSTIVEIS LTDA;37189518000125;QUADRA QI 23 LOTES 40/41,  42;SETOR INDUSTRIAL (TAGUATINGA);72135230;DF;BRASILIA
PETRO RIOS COMERCIO DERIVADOS DE PETROLEO LTDA;38074571000143;SETOR SEE LOTE,  1;RESIDENCIAL SANTOS DUMONT (SANTA MARIA);72593270;DF;BRASILIA
AUTO POSTO AGUAS CLARAS LTDA;38076089000142;ALAMEDA DOS EUCALIPTOS QDA. 107 LOTE,  15;TAGUATINGA.;70310500;DF;BRASILIA
AUTO POSTO AGUAS CLARAS LTDA;38076089000223;AREA ADE 600 CONJUNTO 1 LOTE,  19;RECANTO DAS EMAS;72640001;DF;BRASILIA
POSTO DE COMBUSTIVEIS CAMPEAO FIESTA LTDA;38212697000137;SETOR SAGOCA LOTE,  06;TAGUATINGA NORTE (TAGUATINGA);72145760;DF;BRASILIA
MORRO AZUL COMERCIO DE PETROLEO LTDA;72620412000135;QUADRA QUADRA 1 CONJUNTO 3,  SN;MORRO AZUL (SAO SEBASTIAO);71691243;DF;BRASILIA
POSTO BRUNA LTDA.;00247861000179;RODOVIA ANEL RODOVIARIO CELSO MELLO AZEVEDO,  11333;DOM BOSCO;30850453;MG;BELO HORIZONTE
POSTO SARAMENHA LTDA;00416899000128;AVENIDA SERRANA,  750;SERRANO;30882370;MG;BELO HORIZONTE
POSTO ENTRADA OBRIGATORIA LTDA;00747850000158;AVENIDA PORTUGAL,  4260;JARDIM ATLANTICO;31710400;MG;BELO HORIZONTE
AUTO POSTO VERONA EIRELI;00911111000150;RODOVIA ANEL RODOVIARIO CELSO MELLO AZEVEDO,  23759;DOM SILVERIO;31985203;MG;BELO HORIZONTE
AUTO POSTO BARREIRO LTDA;01052390000106;AVENIDA AFONSO VAZ DE MELO,  435;BARREIRO;30640070;MG;BELO HORIZONTE
DUTRA E SILVA LTDA;02104426000110;AVENIDA DOS ENGENHEIROS,  465;ALIPIO DE MELO;30840300;MG;BELO HORIZONTE
ORGANIZACOES NOVO BELVEDERE LTDA;02898537000146;AVENIDA PAULO CAMILO PENA,  780;BELVEDERE;30320380;MG;BELO HORIZONTE
NOVASOC COMERCIAL LTDA;03139761004457;AVENIDA CRISTIANO MACHADO,  3800;UNIAO;31160342;MG;BELO HORIZONTE
POSTO LONDRINA LTDA;03643398000172;RUA JAVARI,  195;SAO CRISTOVAO;31130540;MG;BELO HORIZONTE
POSTO MARIO WERNECK LIMITADA;03665115000193;AVENIDA CRISTIANO MACHADO,  9292;MINASLANDIA;31812112;MG;BELO HORIZONTE
ARAUJO COMERCIO DERIVADOS DE PETROLEO LTDA;04775850000112;AVENIDA CRISTIANO MACHADO,  70;FLORESTA;31015432;MG;BELO HORIZONTE
POSTO PALHA VERDE LTDA;05009866000187;RODOVIA ANEL RODOVIARIO CELSO MELLO AZEVEDO,  28500;JARDIM VITORIA;31975275;MG;BELO HORIZONTE
POSTO VILA NOSSA SENHORA DE FATIMA LTDA;05462748000120;AVENIDA NOSSA SENHORA DE FATIMA,  2.401;CARLOS PRATES;30710020;MG;BELO HORIZONTE
POSTO TUNEL LTDA;08160834000176;AVENIDA CRISTIANO MACHADO,  71;FLORESTA;31110230;MG;BELO HORIZONTE
POSTO MONTE SANTO LTDA;08223834000178;AVENIDA DOM PEDRO II,  3038;CAICARA;30720460;MG;BELO HORIZONTE
POSTO SAO BERNARDO LTDA;10673246000188;AVENIDA CRISTIANO MACHADO,  9505;DONA CLARA;31260333;MG;BELO HORIZONTE
POSTO OLIMAR COMERCIO DE COMBUSTIVEIS LTDA;14135978000175;AVENIDA TEREZA CRISTINA,  2350;PADRE EUSTAQUIO;30720230;MG;BELO HORIZONTE
POSTO MEM DE SA LTDA;14395703000170;AVENIDA MEM DE SA,  140;SANTA EFIGENIA;30260270;MG;BELO HORIZONTE
POSTO GLORIA LIMITADA;16682296000108;RUA DEP CLAUDIO P DE LIMA,  957;N S GLORIA;30870020;MG;BELO HORIZONTE
COMERCIO DE COMBUSTIVEIS ALEX LTDA;17176561000149;RUA GONCALVES DIAS,  520;FUNCIONARIOS;30140090;MG;BELO HORIZONTE
POSTO PIRAJA LIMITADA;17185760000113;AVENIDA WALDOMIRO LOBO,  432;GUARANI;31814620;MG;BELO HORIZONTE
COMERCIO DE DERIVADOS DE PETROLEO MAJOR LTDA;17237017000160;AVENIDA SINFRONIO BROCHADO,  506;BARREIRO DE BAIXO;30640000;MG;BELO HORIZONTE
EXXEL REVENDEDORA DE DERIVADOS DE PETROLEO LTDA;17332487000102;AVENIDA VER CICERO ILDEFONSO,  539;JOAO PINHEIRO;30530000;MG;BELO HORIZONTE
POSTO VILA OURO FINO LTDA;17353756000117;RUA PIUM I,  260;CRUZEIRO;30310080;MG;BELO HORIZONTE
POSTO DO PAPAI LTDA;17418377000168;RUA POUSO ALEGRE,  1500;FLORESTA;31015030;MG;BELO HORIZONTE
POSTO DO PAPAI LTDA;17418377000249;RUA FLAVIO DOS SANTOS,  459;FLORESTA;31015150;MG;BELO HORIZONTE
POSTO BAHAMAS LTDA;17438508000179;AVENIDA SILVIANO BRANDAO,  796;FLORESTA;31015434;MG;BELO HORIZONTE
POSTO ITAPOA LTDA;17488693000106;AVENIDA AMAZONAS,  2994;BARROCA;30410000;MG;BELO HORIZONTE
POSTO DE COMBUSTIVEIS VILA COMETA LTDA;17509753000120;AVENIDA PRESIDENTE ANTONIO CARLOS,  7826;PAMPULHA;31270000;MG;BELO HORIZONTE
JR COMERCIO E PRESTACAO DE SERVICOS LTDA;17968553000135;RUA IZABEL BUENO,  20;UNIVERSITARIO;31255324;MG;BELO HORIZONTE
POSTO TEX KAR LIMITADA;18696690000120;RUA SILVA JARDIM,  388;FLORESTA;30150010;MG;BELO HORIZONTE
POSTO J A LTDA;18699439000209;AVENIDA RAJA GABAGLIA,  2461;SAO BENTO;30380403;MG;BELO HORIZONTE
POSTO BOM BOM LTDA;19902337000112;AVENIDA CONTORNO,  2694;SANTA EFIGENIA;30110014;MG;BELO HORIZONTE
POSTO BOM BOM LTDA;19902337000384;RUA PADRE PEDRO PINTO,  6400;MARIA HELENA;31660000;MG;BELO HORIZONTE
POSTO ARAPONGA LTDA;20093167000151;AVENIDA BRASIL,  909;SANTA EFIGENIA;30140000;MG;BELO HORIZONTE
POSTO ATLANTICO LTDA;20386694000154;AVENIDA PORTUGAL,  150;JARDIM ATLANTICO;31550000;MG;BELO HORIZONTE
POSTO GRAJAU LTDA;20828299000184;AVENIDA NOSSA SENHORA DO CARMO,  756;SAO PEDRO;30330000;MG;BELO HORIZONTE
POSTO VILA ESTACAO LTDA;20864330000132;RUA DOS TUPINAMBAS,  115;CENTRO;30120070;MG;BELO HORIZONTE
PLANALTO POSTO DE SERVICO LTDA;21546429000159;AVENIDA DR CRISTIANO GUIMARAES,  2329;PLANALTO;31720300;MG;BELO HORIZONTE
POSTO CAPITAL LTDA;21725460000157;AVENIDA ABILIO MACHADO,  1772;ALIPIO DE MELO;30820622;MG;BELO HORIZONTE
AUTO POSTO XANATAM LTDA;23898869000109;RODOVIA RODOVIA MG 5,  765;GOIANIA;31950000;MG;BELO HORIZONTE
DIFERENCIAL COMERCIO LTDA;25362955000110;AVENIDA DO CONTORNO,  3347;SANTA EFIGENIA;30110014;MG;BELO HORIZONTE
POSTO MANACAS LTDA;25507930000167;AVENIDA PRES TANCREDO NEVES,  1095;CASTELO;31330430;MG;BELO HORIZONTE
POSTO MIRAGEM LTDA;25833047000167;AVENIDA AMINTAS JACQUES DE MORAES,  2065;NOVO GLORIA;30870353;MG;BELO HORIZONTE
POSTO BRUNINHA LTDA;26079200000175;AVENIDA DOM PEDRO I,  1680;ITAPOA;31710000;MG;BELO HORIZONTE
GGP COMERCIO VAREJISTA DE COMBUSTIVEIS LTDA;27050544000114;RUA NIQUELINA,  1396;PARAISO;30270050;MG;BELO HORIZONTE
NOVO POSTO CANAL DO BARREIRO LTDA;27139649000144;AVENIDA DO CANAL,  299;ATILA DE PAIVA;30640380;MG;BELO HORIZONTE
NOVO POSTO FERNAO DIAS LTDA;27291314000147;RUA MARIA FERREIRA DA SILVA,  401;FERNAO DIAS;31920350;MG;BELO HORIZONTE
POSTO ZEPPELIN LTDA;27476355000108;AVENIDA PRESIDENTE JUSCELINO KUBITSCHEK,  3050;PADRE EUSTAQUIO;30530555;MG;BELO HORIZONTE
COMERCIO DE COMBUSTIVEIS JARDIM MONTANHES LTDA;28377496000136;AVENIDA DOM PEDRO II,  4414;JARDIM MONTANHES;30750000;MG;BELO HORIZONTE
POSTO SANTA TEREZA LTDA;29077402000176;RUA MARMORE,  21;SANTA TEREZA;31010220;MG;BELO HORIZONTE
POSTO VILA SUKATA LTDA;30897694000172;RUA PRESIDENTE COSTA E SILVA,  290;BAIRRO DAS INDUSTRIAS I;30610000;MG;BELO HORIZONTE
PANORAMA POSTO DE COMBUSTIVEIS LTDA.;33334677000115;AVENIDA VEREADOR CICERO ILDEFONSO,  684;JOAO PINHEIRO;30530000;MG;BELO HORIZONTE
POSTO DE COMBUSTIVEIS VILA PLATINA LTDA;36023813000144;RUA PLATINA,  789;PRADO;30411095;MG;BELO HORIZONTE
POSTO VILA PARIS LTDA;37164909000195;AVENIDA PRUDENTE DE MORAIS,  1133;SANTO ANTONIO;30350143;MG;BELO HORIZONTE
POSTO DE COMBUSTIVEIS VILA CALIFORNIA LTDA;37811410000122;RODOVIA PRESIDENTE JUSCELINO KUBITSCHEK,  1000;CALIFORNIA;30855500;MG;BELO HORIZONTE
COMERCIAL DIAS VIEIRA LTDA;38471934000184;RODOVIA CAMILO TEIXEIRA DA COSTA,  555;TUPI B;31844560;MG;BELO HORIZONTE
POSTO VILA VERA CRUZ LTDA;40538088000114;RUA NIQUELINA,  546;SANTA EFIGENIA;30260100;MG;BELO HORIZONTE
POSTO DE COMBUSTIVEL PASSARELA LTDA;42915694000137;AVENIDA CRISTIANO MACHADO,  2525;SILVEIRA;31170800;MG;BELO HORIZONTE
AUTO POSTO DO ALEMAO LTDA;42927464000198;RUA RIO DE JANEIRO,  1612;LOURDES;30160042;MG;BELO HORIZONTE
POSTO MANGABEIRAS LTDA;42969048000152;AVENIDA AFONSO PENA,  4321;SERRA;30130008;MG;BELO HORIZONTE
BEL POSTO DE COMBUSTIVEIS LTDA;42984713000187;RUA DAS PRINCESAS,  367;OESTE;30532070;MG;BELO HORIZONTE
POSTO DE COMBUSTIVEL LUBRIMIL LTDA;42999250000127;AVENIDA ABILIO MACHADO,  845;DOM BOSCO;30830000;MG;BELO HORIZONTE
POSTO VILA FLORESTA LTDA;45382951000100;RUA RAUL MENDES,  151;FLORESTA;31015179;MG;BELO HORIZONTE
COMPANHIA BRASILEIRA DE DISTRIBUICAO;47508411068540;RUA MARIA LUIZA SANTIAGO,  110;SANTA LUCIA;30360740;MG;BELO HORIZONTE
POSTO CLEARGEL LTDA;64226285000166;AVENIDA ANTONIO ABRAHAO CARAM,  996;SAO JOSE (PAMPULHA);31275000;MG;BELO HORIZONTE
POSTO BRUNATA LTDA;66333501000106;RUA ANAPURUS,  21;SAO GABRIEL;31980210;MG;BELO HORIZONTE
POSTO PARADA OBRIGATORIA LTDA;71233852000177;AVENIDA DOS ANDRADAS,  3910;POMPEIA;30280020;MG;BELO HORIZONTE
POSTO ASSIS LTDA;97480321000172;RODOVIA ANEL RODOVIARIO CELSO MELLO AZEVEDO,  24700;GOIANIA;31960275;MG;BELO HORIZONTE
AUTO POSTO PERFORMANCE LTDA.;00855731000119;RUA PROF.JOAO FALARZ,  1590;CAMPO COMPRIDO;81280270;PR;CURITIBA
AUTO POSTO POTENZA LTDA;01021491000110;RUA JOAO NEGRAO,  1561;CENTRO;80230150;PR;CURITIBA
POSTO NOVO BATEL LTDA;01203643000103;RUA BISPO DOM JOSE,  2550;BATEL;80440080;PR;CURITIBA
AUTO POSTO ORTONA II LTDA;01633884000184;RUA JOAO DEMBINSKI,  529;CAMPO COMPRIDO;81270330;PR;CURITIBA
POSTO OCEANO LTDA;02464029000150;RUA CARLOS DIETZSCH,  1115;PORTAO;80330001;PR;CURITIBA
AUTO POSTO TEX MARKET LTDA;02592695000173;RUA PAULO GORSKI,  2345;MOSSUNGUE;81210220;PR;CURITIBA
POSTO TOP GÁS LTDA;03068661000147;RUA ANTÔNIO ESCORSIN,  1031;SÃO BRAZ;82015000;PR;CURITIBA
D S P COM DE COMBUSTIVEL E LOJA DE CONVEN LTDA;03283663000159;AVENIDA BRASILIA,  5125;NOVO MUNDO;81020010;PR;CURITIBA
GAMA TRICHES E CIA LTDA;03449511000183;RUA NILO PECANHA,  1945;BOM RETIRO;80520000;PR;CURITIBA
POSTO JATIUCA LTDA;04103143000180;AVENIDA MANOEL RIBAS,  1360;MERCES;80810000;PR;CURITIBA
AUTO POSTO CAPITAL LTDA;04712442000111;RUA WALDEMAR LOUREIRO CAMPOS,  3880;XAXIM;81720180;PR;CURITIBA
POSTO CANAL ALPHA LTDA;05289078000191;RUA PADRE GERMANO MAYER,  561;ALTO DA RUA XV;80045245;PR;CURITIBA
AUTO POSTO GAIA LTDA;05620423000128;AVENIDA REPUBLICA ARGENTINA,  2000;ÁGUA VERDE;80620010;PR;CURITIBA
DUCATI AUTO POSTO LTDA;06302712000141;RUA CLAUDIO PAULINO DARIVA,  304;BOA VISTA;82540210;PR;CURITIBA
AUTO POSTO LUA CRESCENTE LTDA;07069427000195;RUA DOUTOR BARRETO COUTINHO,  25;SANTA CANDIDA;82640050;PR;CURITIBA
AUTO POSTO SAN MICHAEL LTDA;09076924000146;RUA JOAO BETTEGA,  3015;CIDADE INDUSTRIAL;81350000;PR;CURITIBA
AUTO POSTO LUZ DA LUA LTDA;09089449000142;RUA DO SEMEADOR,  65;CIC;81270050;PR;CURITIBA
AUTO POSTO JARDIM TIMBORI LTDA;09164462000119;RUA PRESIDENTE JOAO GOULART,  2070;TATUQUARA;81470470;PR;CURITIBA
COMERCIO DE COMBUSTIVEIS MORRO VERMELHO LTDA;11067994000180;RUA ANTONIO ZANON,  1595;TATUQUARA;81480150;PR;CURITIBA
AUTO POSTO FOLLONI EIRELI;11281204000164;RUA ALBERTO FOLLONI,  520;JUVEVE;80540000;PR;CURITIBA
AUTO POSTO ANGRA BATEL COMERCIO DE COMBUSTIVEIS LTDA;12759476000190;AVENIDA SETE DE SETEMBRO,  4814;BATEL;80240000;PR;CURITIBA
PETRO KENNEDY COMERCIO E TRANSPORTE DE COMBUSTIVEIS LTDA;15119679000100;AVENIDA PRESIDENTE KENNEDY,  2603;AGUA VERDE;80610010;PR;CURITIBA
AUTO POSTO ECOXAXIM LTDA;17176987000100;RUA FRANCISCO DEROSSO,  1762;XAXIM;81720000;PR;CURITIBA
AUTO POSTO FLIX LTDA.;17906800000179;RUA DOUTOR BLEY ZORNIG,  857;BOQUEIRAO;81730350;PR;CURITIBA
PASSIONE COMERCIO DE COMBUSTIVEIS LTDA;19715502000127;RUA MARECHAL OCTAVIO SALDANHA MAZZA,  8427;CAPAO RASO;81150060;PR;CURITIBA
AUTO POSTO VALENCIA LTDA;22552516000181;AVENIDA MARECHAL FLORIANO PEIXOTO,  3859;PAROLIN;80220001;PR;CURITIBA
AUTO POSTO SEMINARIO LTDA;23844989000115;AVENIDA NOSSA SENHORA APARECIDA,  270;SEMINARIO;80440000;PR;CURITIBA
PATIO CONTORNO COMERCIO DE COMBUSTIVEIS LTDA;23848835000100;AVENIDA JUSCELINO KUBITSCHEK DE OLIVEIRA,  2191;CIDADE INDUSTRIAL;81280140;PR;CURITIBA
AUTO POSTO PETRO PIMPA LTDA;24194214000104;RUA JOAO NEGRAO,  1240;REBOUCAS;80230150;PR;CURITIBA
AUTO POSTO AVENTADOR LTDA;28998910000124;AVENIDA PREFEITO ERASTO GAERTNER,  308;BACACHERI;82510160;PR;CURITIBA
AUTO POSTO JARDIM SOCIAL LTDA;30079522000191;RUA PERCY FELICIANO DE CASTILHO,  185;BAIRRO ALTO;82820380;PR;CURITIBA
AUTO POSTO TAMARINDO LTDA;31457540000122;RUA PROFESSORA  JOANITA BERNETT PASSOS,  1561;BOQUEIRÃO;81730390;PR;CURITIBA
REDE VIA EXPRESSA DEROSSO COMERCIO DE COMBUSTIVEIS LTDA;31591485000169;RUA FRANCISCO DEROSSO,  3559;ALTO BOQUEIRAO;81720235;PR;CURITIBA
AUTO POSTO ORLEANS LTDA;32603313000120;RUA PROFESSOR JOAO FALARZ,  507;ORLEANS;81280270;PR;CURITIBA
AUTO POSTO RIBEIRA III LTDA;32766512000150;ESTRADA DA RIBEIRA BR-476,  517;ATUBA;82860000;PR;CURITIBA
AUTO POSTO TEXAS FUEL LTDA;33012254000189;RUA MATEUS LEME,  5761;ABRANCHES;82130085;PR;CURITIBA
AUTO POSTO CURUPAITIS LTDA;33673554000109;RUA CURUPAITIS,  1379;SANTA QUITERIA;80310180;PR;CURITIBA
REDE VIA EXPRESSA KENNEDY COMERCIO DE COMBUSTIVEIS LTDA;34072494000131;AVENIDA PRESIDENTE KENNEDY,  740;REBOUCAS;80220200;PR;CURITIBA
AUTO POSTO ZAGONEL LTDA;34101602000157;RUA PEDRO ZAGONEL,  1703;NOVO MUNDO;81501110;PR;CURITIBA
AUTO POSTO JLS LTDA;34159229000195;RUA ITUPAVA,  465;ALTO DA GLORIA;80060272;PR;CURITIBA
AUTO POSTO MUSEU LTDA;34755905000193;RUA MARECHAL HERMES,  1214;AHU;80540293;PR;CURITIBA
AUTO POSTO HURACAN LTDA;35299223000186;RUA DOM BOSCO,  753;NOVO MUNDO;81050330;PR;CURITIBA
AUTO POSTO QUALITA LTDA;35754255000124;AVENIDA VICTOR FERREIRA DO AMARAL,  3643;BAIRRO ALTO;82810350;PR;CURITIBA
AUTO POSTO ARIZONA LTDA;36518530000173;RUA RAPOSO TAVARES,  1630;PILARZINHO;82100452;PR;CURITIBA
AUTO POSTO HUGO SIMAS COMBUSTIVEIS E  CONVENIENCIAS LTDA;36697963000133;AVENIDA DESEMBARGADOR HUGO SIMAS,  700;BOM RETIRO;80520250;PR;CURITIBA
AUTO POSTO VPC LTDA;37562183000149;AVENIDA PRESIDENTE GETULIO VARGAS,  2363;AGUA VERDE;80240040;PR;CURITIBA
POSTO LINHA VERDE LTDA;38824625000221;AVENIDA MARECHAL FLORIANO PEIXOTO,  7825;BOQUEIRAO;81650000;PR;CURITIBA
AUTO POSTO TIO ZICO VII LTDA;39544938000108;RUA MATEUS LEME,  4365;SAO LOURENCO;82200000;PR;CURITIBA
AUTO POSTO VICENZA LTDA;39859223000144;RUA ENGENHEIRO JOAO BLEY FILHO,  947;PINHEIRINHO;81870370;PR;CURITIBA
AUTO POSTO BOULEVARD LTDA;39859257000139;RUA FRANCISCO DEROSSO,  1201;XAXIM;81710000;PR;CURITIBA
AUTO POSTO RAVENA LTDA;39859431000143;AVENIDA PRESIDENTE WENCESLAU BRAZ,  284;PAROLIN;81030030;PR;CURITIBA
AUTO POSTO AGUA VERDE LTDA;40748960000159;AVENIDA AGUA VERDE,  739;AGUA VERDE;80620200;PR;CURITIBA
AUTO POSTO MONACO LTDA;41067939000150;RUA FAGUNDES VARELA,  1583;BACACHERI;82520702;PR;CURITIBA
AUTO POSTO DUE FRATELLI LTDA;41851490000117;RUA DOUTOR LEAO MOCELLIN,  28;SANTA FELICIDADE;82030230;PR;CURITIBA
AUTO POSTO PETROLS CURITIBA LTDA;41947413000165;AVENIDA SETE DE SETEMBRO,  2578;CENTRO;80230085;PR;CURITIBA
AUTO POSTO MARECHAL PAROLIN LTDA;41991218000132;AVENIDA MARECHAL FLORIANO PEIXOTO,  4184;PAROLIN;80220001;PR;CURITIBA
GERMANIA COMBUSTIVEIS LTDA;42405351000122;RUA DA TRINDADE,  40;CAJURU;82920120;PR;CURITIBA
AUTO POSTO PILARZINHO LTDA;43577059000150;AVENIDA DESEMBARGADOR HUGO SIMAS,  2078;BOM RETIRO;80520251;PR;CURITIBA
AUTO POSTO AFONSO PENA LTDA;43691842000140;RUA TREZE DE MAIO,  260;CENTRO;80020270;PR;CURITIBA
AUTO POSTO BRAZ LTDA;45855959000147;RUA MEM DE SÁ,  189;GUAÍRA;81010110;PR;CURITIBA
AUTO POSTO TARUMA CURITIBA LTDA;46290531000167;AVENIDA VICTOR FERREIRA DO AMARAL,  760;TARUMA;82530230;PR;CURITIBA
AUTO POSTO SQ CURITIBA LTDA;46381084000151;RUA JOÃO ALENCAR GUIMARÃES,  2232;CAMPO COMPRIDO;81220190;PR;CURITIBA
AUTO POSTO TIO ZICO VIII LTDA;46708695000161;AV SETE DE SETEMBRO,  3205;REBOUÇAS;80230010;PR;CURITIBA
AUTO POSTO ZAKA CHAMPAGNAT LTDA;46803525000166;AVENIDA CÂNDIDO HARTMANN,  877;BIGORRILHO;80710542;PR;CURITIBA
POSTO ZAKA CAJURU LTDA;46892512000100;RUA ARLINDO ROCHA,  200;CAJURU;82920180;PR;CURITIBA
POSTO ZAKA ALTO DA XV LTDA;46892551000108;RUA XV DE NOVEMBRO,  3040;ALTO DA RUA XV;80045340;PR;CURITIBA
COMPANHIA BRASILEIRA DE DISTRIBUICAO;47508411061023;AVENIDA PRESIDENTE KENNEDY,  1061;REBOUCAS;80220201;PR;CURITIBA
AUTO POSTO GRACIOSA LTDA;47836520000100;AVENIDA NOSSA SENHORA DA LUZ,  750;CABRAL;82510020;PR;CURITIBA
AUTO POSTO MATEUS LEME LTDA;49119625000166;RUA SENADOR XAVIER DA SILVA,  444;CENTRO CÍVICO;80530060;PR;CURITIBA
POSTO TIO ZICO HAUER LTDA;50318883000150;RUA PRESIDENTE PADUA FLEURY,  1282;HAUER;81630240;PR;CURITIBA
POSTO DE SERVICOS ROSARIO LTDA;75063297000133;RUA GERALDO GUSTAVO OSCAR MULLER,  90;BOA VISTA;82540094;PR;CURITIBA
TIC POSTO LTDA;75635573000190;AVENIDA SENADOR SALGADO FILHO,  2992;UBERABA;81570000;PR;CURITIBA
TIC POSTO LTDA;75635573000271;AVENIDA COMENDADOR FRANCO,  5175;UBERABA;81560000;PR;CURITIBA
TIC POSTO LTDA;75635573000514;RUA VICENTE MICHELOTTO,  3455;CIDADE INDUSTRIAL;81460010;PR;CURITIBA
TIC POSTO LTDA;75635573000603;AVENIDA PREFEITO ERASTO GAERTNER,  1600;BACACHERI;82515000;PR;CURITIBA
POSTO ILHABELA LTDA;75925511000113;RUA MAL FLORIANO PEIXOTO,  8326;BOQUEIRAO;81670000;PR;CURITIBA
CELSO TETU E CIA LTDA;76494327000200;AVENIDA GENERAL MARIO TOURINHO,  013;CAMPINA DO SIQUEIRA;80740000;PR;CURITIBA
REDE VPR DE COMBUSTIVEIS E SERVICOS LTDA;77159663000188;RUA JERONIMO DURSKI,  1195;CAMPINA DO SIQUEIRA;80730290;PR;CURITIBA
REDE VPR DE COMBUSTIVEIS E SERVICOS LTDA;77159663000269;RUA MAJOR HEITOR GUIMARAES,  1453;CAMPINA DO SIQUEIRA;80740340;PR;CURITIBA
ROTA SUL AUTO POSTO LTDA;78793957000120;RODOVIA BR 116,  5090;HIGIENÓPOLIS;80520200;PR;CURITIBA
POSTOS PELANDA COMBUSTIVEIS LTDA;78901915000912;AVENIDA SETE DE SETEMBRO,  1581;CRISTO REI;80050255;PR;CURITIBA
POSTOS PELANDA COMBUSTIVEIS LTDA;78901915001307;RODOVIA BR CENTO E DEZESSEIS,  28578;CAMPO DE SANTANA;81690500;PR;CURITIBA
CONDOR AUTO POSTO LTDA;79052460000385;AVENIDA MARECHAL FLORIANO PEIXOTO,  10868;ALTO BOQUEIRAO;81730000;PR;CURITIBA
CONDOR AUTO POSTO LTDA;79052460000466;RUA DOS PIONEIROS,  1530;SITIO CERCADO;81910080;PR;CURITIBA
AUTO POSTO ROSANE LTDA;79340840000153;AVENIDA MAL. HUMERTO A. C. BRANCO,  1011;CAJURU;82530020;PR;CURITIBA
AUTO POSTO CAPRI LTDA;79540738000100;AVENIDA DOS ESTADOS,  157;VL GUAIRA;80610040;PR;CURITIBA
AUTO POSTO DAS TARTARUGAS LTDA;80786031000159;AVENIDA SENADOR SALGADO FILHO,  405;PRADO VELHO;80215270;PR;CURITIBA
POSTO TREVISO LTDA;81056046000124;RUA VIA VENETO,  1058;SANTA FELICIDADE;82020470;PR;CURITIBA
AUTO POSTO MPP LTDA;81663700000168;RUA ALBERICO FLORES BUENO,  000525;BAIRRO ALTO;82840170;PR;CURITIBA
POSTO MARU S.A.;81894297000188;RUA ANA BERTA ROSKAMP,  15;JD.DAS AMERICAS;81530250;PR;CURITIBA
POSTO MARU S.A.;81894297000692;RODOVIA CURITIBA PARANAGUA BR-277,  2153;CAJURU;82940375;PR;CURITIBA
POSTO SILVA JARDIM LTDA;82275678000141;AVENIDA SILVA JARDIM,  2258;AGUA VERDE;80240020;PR;CURITIBA
AUTO POSTO ORTONA LTDA;85058170000180;RUA ALBERTO FOLLONI,  1181;JUVEVE;80540000;PR;CURITIBA
AUTO POSTO JARDIM IPE LTDA;95367884000123;AVENIDA FREDOLIN WOLF,  4140;SANTA FELICIDADE;82410330;PR;CURITIBA
POSTO JARDIM BOTANICO LTDA;95396289000116;AVENIDA COMENDADOR FRANCO,  1197;JARDIM BOTANICO;80215090;PR;CURITIBA
ALBERTI COMERCIO DE DERIVADOS DE PETROLEO LTDA;95397790000105;RUA JOAO ANTONIO XAVIER,  344;AGUA VERDE;80620360;PR;CURITIBA
ABASTECEDORA DE COMBUSTIVEIS MENINO DEUS LTDA.;00355670000120;AVENIDA JOSE DE ALENCAR,  399;MENINO DEUS;90880481;RS;PORTO ALEGRE
COMERCIAL DE COMBUSTIVEIS SELAU LTDA;00408602000182;AVENIDA CRUZEIRO DO SUL,  2081;SANTA TEREZA;90001970;RS;PORTO ALEGRE
POSTO DE SERVICOS ANCHIETA LTDA;00851536000110;AVENIDA DOUTOR NILO PECANHA,  1342;BOA VISTA;91330002;RS;PORTO ALEGRE
GARAGEM SUPREMA LTDA - EPP;01088503000123;AVENIDA CEARA,  1377;SAO GERALDO;90240511;RS;PORTO ALEGRE
FAURI COMERCIO DE COMBUSTIVEIS LTDA;01268307000130;AVENIDA NILO PECANHA,  95;PETROPOLIS;90470001;RS;PORTO ALEGRE
AUTO POSTO BOA VIAGEM LTDA;02463295000320;AVENIDA A.J. RENNER,  2255;HUMAITA;90250000;RS;PORTO ALEGRE
F & H COMERCIO DE COMBUSTIVEIS EIRELI;05662972000165;RUA SAO MANOEL,  2250;PARTENON;90620110;RS;PORTO ALEGRE
COMÉRCIO DE COMBUSTÍVEIS LASSARI LTDA.;07013898000181;AVENIDA IPIRANGA,  3884;AZENHA;90610000;RS;PORTO ALEGRE
DISTRIBUIDORA DE COMBUSTIVEIS SAVAR LTDA;07045622000185;AVENIDA DOS ESTADOS,  2341;ANCHIETA;90200001;RS;PORTO ALEGRE
ABASTECEDORA DE COMBUSTIVEIS PORTO ALEGRE LTDA;08689190000108;AVENIDA LOUREIRO DA SILVA,  1630;CIDADE BAIXA;90050240;RS;PORTO ALEGRE
POSTO DE COMBUSTIVEIS DICO LTDA;08768465000107;AVENIDA FARRAPOS,  265;FLORESTA;90220004;RS;PORTO ALEGRE
COMBUSTIVEIS PEGASUS IPIRANGA LTDA;08786193000160;AVENIDA IPIRANGA,  2495;AZENHA;90160091;RS;PORTO ALEGRE
COMERCIAL DE COMBUSTIVEL CAMINHO VERDE LTDA;10337187000177;AVENIDA JOAO WALLIG,  724;PASSO DA AREIA;91340000;RS;PORTO ALEGRE
POSTO DE SERVICOS 2Z LTDA.;10616598000100;RUA PROFESSOR CRISTIANO FISCHER,  1272;PETROPOLIS;91410000;RS;PORTO ALEGRE
ABASTECEDORA DE COMBUSTIVEIS SAO CHICO LTDA.;10779589000121;AVENIDA PRINCESA ISABEL,  688;SANTANA;90620000;RS;PORTO ALEGRE
MOTTA PINHEIRO - COMERCIO DE COMBUSTIVEIS EIRELI;11368493000133;AVENIDA DA CAVALHADA,  4260;CAVALHADA;91740000;RS;PORTO ALEGRE
AUTO POSTO ALMIRANTE LTDA;11393320000418;AVENIDA BORGES DE MEDEIROS,  2205;PRAIA DE BELAS;90110150;RS;PORTO ALEGRE
R TAUBE POSTO DE COMBUSTIVEIS E CONVENIENCIAS LTDA;13793895000100;AVENIDA CHUI,  75;CRISTAL;90820080;RS;PORTO ALEGRE
POSTO DE SERVICOS 3Z LTDA.;14169952000148;AVENIDA SATURNINO DE BRITO,  1018;VILA JARDIM;91320000;RS;PORTO ALEGRE
SANTA CLARA COMERCIO DE COMBUSTIVEIS LTDA;14239832000170;AVENIDA CORONEL MARCOS,  1140;PEDRA REDONDA;91760000;RS;PORTO ALEGRE
POSTO DE COMBUSTIVEIS 4Z LTDA;14809233000144;AVENIDA FARRAPOS,  858;FLORESTA;90220000;RS;PORTO ALEGRE
POSTO DE COMBUSTIVEIS AVENIDA IPIRANGA EIRELI;17634968000172;AVENIDA IPIRANGA,  4850;AZENHA;90610000;RS;PORTO ALEGRE
POSTO DE COMBUSTIVEIS ALICAFE LTDA;18314200000184;AVENIDA PROTASIO ALVES,  12403;MARIO QUINTANA;91260000;RS;PORTO ALEGRE
POSTO DE COMBUSTIVEIS E CONVENIENCIAS CAMINHO DO GOL LTDA;20890807000154;AVENIDA PADRE CACIQUE,  970;PRAIA DE BELAS;90810240;RS;PORTO ALEGRE
VAZ COMERCIO DE COMBUSTIVEIS LTDA;27272187000210;AVENIDA BRASIL,  1237;NAVEGANTES;90230061;RS;PORTO ALEGRE
GB COMERCIO DE COMBUSTIVEIS EIRELI;27580127000183;RUA BARAO DO AMAZONAS,  1144;PETROPOLIS;90670001;RS;PORTO ALEGRE
ABASTECEDORA DE COMBUSTIVEL EDGAR PIRES LTDA;27873422000128;AVENIDA EDGAR PIRES DE CASTRO,  3707;CHAPEU DO SOL;91786599;RS;PORTO ALEGRE
COMERCIO DE COMBUSTIVEIS BENTO 919 LTDA;32858937000199;AVENIDA BENTO GONCALVES,  919;PARTENON;90650002;RS;PORTO ALEGRE
ABASTECEDORA DE COMBUSTIVEIS HIPICA LTDA;33393956000150;AVENIDA EDGAR PIRES DE CASTRO,  615;HIPICA;91787889;RS;PORTO ALEGRE
SANTO COMERCIO DE COMBUSTIVEIS LTDA;34169701000170;AVENIDA PROTASIO ALVES,  1760;PETROPOLIS;90410006;RS;PORTO ALEGRE
POSTO DE COMBUSTIVEIS DA FELIX LTDA;34488405000132;AVENIDA CRISTOVAO COLOMBO,  1867;FLORESTA;90560004;RS;PORTO ALEGRE
COMERCIAL DE COMBUSTIVEIS PR LTDA;36905276000166;AVENIDA CARLOS GOMES,  31;AUXILIADORA;90480003;RS;PORTO ALEGRE
POSTO DE COMBUSTIVEIS CAMINHO DO GOL LTDA;40921123000180;AVENIDA DOS ESTADOS,  75;ANCHIETA;90200000;RS;PORTO ALEGRE
ABASTECEDORA DE COMBUSTIVEIS MIRELA LTDA;41515783000123;RUA SILVA SO,  371;SANTA CECILIA;90610270;RS;PORTO ALEGRE
COMERCIAL DE COMBUSTIVEIS PR VERDES CAMPOS LTDA;43109121000189;RUA DONARIO NEVES DA SILVEIRA,  20;MARIO QUINTANA;91280145;RS;PORTO ALEGRE
ABASTECEDORA DE COMBUSTIVEIS PROTASIO LTDA.;45078699000140;AVENIDA PROTASIO ALVES,  8699;MORRO SANTANA;91260000;RS;PORTO ALEGRE
POSTO ROTA PERIMETRAL DERIVADOS DE PETROLEO LTDA;45104962000129;AVENIDA TERESOPOLIS,  2965;TERESOPOLIS;90870001;RS;PORTO ALEGRE
AUTO POSTO GASOMETRO LTDA;45261236000110;AVENIDA DOS GAUCHOS,  512;SARANDI;91110090;RS;PORTO ALEGRE
COMERCIO DE COMBUSTIVEIS MACIEIRA LTDA;45993033000118;AVENIDA SERTORIO,  3770;JARDIM SAO PEDRO;91040620;RS;PORTO ALEGRE
ABASTECEDORA DE COMBUSTIVEIS SERTORIO LTDA;48377686000160;AVENIDA SERTORIO,  3837;JARDIM SAO PEDRO;91040621;RS;PORTO ALEGRE
ABASTECEDORA DE COMBUSTIVEIS OTTO NIEMEYER LTDA;48377743000101;AVENIDA OTTO NIEMEYER,  2265;CAMAQUA;91910180;RS;PORTO ALEGRE
ABASTECEDORA DE COMBUSTIVEIS BARAO DO AMAZONAS LTDA;48377761000193;RUA BARAO DO AMAZONAS,  925;PETROPOLIS;90670004;RS;PORTO ALEGRE
RODA VIII COMERCIO DE COMBUSTIVEIS LTDA;48693768000114;AVENIDA SERTORIO,  1700;SAO JOAO;91020000;RS;PORTO ALEGRE
RODA IX COMERCIO DE COMBUSTIVEIS LTDA;50960980000142;AVENIDA PROF OSCAR PEREIRA,  2728;GLORIA;91710000;RS;PORTO ALEGRE
ABASTECEDORA DE COMBUSTÍVEIS PETRODER LTDA.;72044712000202;AVENIDA MANOEL ELIAS,  555;PASSO DAS PEDRAS;91240260;RS;PORTO ALEGRE
COMERCIAL DE COMBUSTIVEIS LB LTDA;74201401000146;AVENIDA ASSIS BRASIL,  3801;CRISTO REDENTOR;91010007;RS;PORTO ALEGRE
DIOGA REVENDEDORA DE OLEOS E GASOLINA LTDA;87061016000192;AVENIDA WENCESLAU ESCOBAR,  2898;TRISTEZA;91900000;RS;PORTO ALEGRE
REDE FARROUPILHA GESTAO, VAREJO E INOVACAO LTDA;87091997000110;AVENIDA ASSIS BRASIL,  1745;PASSO DAREIA;91010005;RS;PORTO ALEGRE
REDE FARROUPILHA GESTAO, VAREJO E INOVACAO LTDA;87091997000382;AVENIDA JUCA BATISTA,  4329;HIPICA;91755000;RS;PORTO ALEGRE
REDE FARROUPILHA GESTAO, VAREJO E INOVACAO LTDA;87091997000544;AVENIDA JUCA BATISTA,  1060;CAVALHADA;91770000;RS;PORTO ALEGRE
REDE FARROUPILHA GESTAO, VAREJO E INOVACAO LTDA;87091997000625;AVENIDA EDGAR PIRES DE CASTRO,  1800;HIPICA;91787878;RS;PORTO ALEGRE
REDE FARROUPILHA GESTAO, VAREJO E INOVACAO LTDA;87091997000706;AVENIDA CAVALHADA,  3021;CAVALHADA;91740001;RS;PORTO ALEGRE
REDE FARROUPILHA GESTAO, VAREJO E INOVACAO LTDA;87091997000978;AVENIDA VICENTE MONTEGGIA,  1441;CAVALHADA;91740290;RS;PORTO ALEGRE
REDE FARROUPILHA GESTAO, VAREJO E INOVACAO LTDA;87091997001001;AVENIDA WENCESLAU ESCOBAR,  1164;TRISTEZA;91910712;RS;PORTO ALEGRE
REDE FARROUPILHA GESTAO, VAREJO E INOVACAO LTDA;87091997001192;AVENIDA WENCESLAU ESCOBAR,  2226;TRISTEZA;91910154;RS;PORTO ALEGRE
REDE FARROUPILHA GESTAO, VAREJO E INOVACAO LTDA;87091997001273;AVENIDA DA SERRARIA,  1144;ESPIRITO SANTO;91770010;RS;PORTO ALEGRE
REDE FARROUPILHA GESTAO, VAREJO E INOVACAO LTDA;87091997001354;AVENIDA CAIRU,  1167;NAVEGANTES;90230031;RS;PORTO ALEGRE
REDE FARROUPILHA GESTAO, VAREJO E INOVACAO LTDA;87091997001516;RUA VOLUNTARIOS DA PATRIA,  3698;NAVEGANTES;90230010;RS;PORTO ALEGRE
REDE FARROUPILHA GESTAO, VAREJO E INOVACAO LTDA;87091997002679;AVENIDA DA CAVALHADA,  3833;CAVALHADA;91740001;RS;PORTO ALEGRE
GARAGEM RIO BRANCO LTDA;87554036000103;RUA CABRAL,  60/80;BOM FIM;90420120;RS;PORTO ALEGRE
POSTO DE COMBUSTIVEIS ALICAR LTDA;90238825000131;AVENIDA BENTO GONCALVES,  4937;PARTENON;91540000;RS;PORTO ALEGRE
POSTO DE COMBUSTIVEIS ALICAR LTDA;90238825000212;AVENIDA BENTO GONCALVES,  4985;SAO JOSE;91540000;RS;PORTO ALEGRE
GARAGEM PARQUE DO ARVOREDO LTDA;92169218000192;AVENIDA BALTAZAR OLIVEIRA GARCIA,  845/865;PASSO DA MANGUEIRA;91130001;RS;PORTO ALEGRE
GARAGEM FORMULA 3 LTDA;92576073000144;AVENIDA JOAO WALLIG,  735;PASSO DA AREIA;91340000;RS;PORTO ALEGRE
GARAGEM SIQUEIRA CAMPOS SOCIEDADE SIMPLES LTDA;92956176000130;RUA SIQUEIRA DE CAMPOS,  866;CENTRO;90010000;RS;PORTO ALEGRE
GARAGEM JOCKEY LTDA;92974351000111;AVENIDA CAPIVARI,  335;CRISTAL;90810070;RS;PORTO ALEGRE
GARAGEM BELEM LTDA;93234086000106;AVENIDA VENANCIO AIRES,  399;CIDADE BAIXA;90040193;RS;PORTO ALEGRE
COMERCIAL BUFFON COMBUSTIVEIS E TRANSPORTES LIMITADA;93489243001198;AVENIDA ASSIS BRASIL,  8620;SARANDI;91140001;RS;PORTO ALEGRE
COMERCIAL BUFFON COMBUSTIVEIS E TRANSPORTES LIMITADA;93489243003301;AVENIDA ASSIS BRASIL,  8207;SARANDI;91140001;RS;PORTO ALEGRE
COMERCIAL BUFFON COMBUSTIVEIS E TRANSPORTES LIMITADA;93489243004103;AVENIDA FARRAPOS,  361;CENTRO;90220004;RS;PORTO ALEGRE
COMERCIAL BUFFON COMBUSTIVEIS E TRANSPORTES LIMITADA;93489243004294;RUA VOLUNTARIOS DA PATRIA,  2407;FLORESTA;90230011;RS;PORTO ALEGRE
COMERCIAL BUFFON COMBUSTIVEIS E TRANSPORTES LIMITADA;93489243004375;RUA FERNANDO GOMES,  221;MOINHOS DE VENTO;90510010;RS;PORTO ALEGRE
COMERCIAL BUFFON COMBUSTIVEIS E TRANSPORTES LIMITADA;93489243004456;AVENIDA VICENTE MONTEGGIA,  131;CAVALHADA;91740290;RS;PORTO ALEGRE
SHOPPING COMERCIAL E ABAST DE PROD DE PETROLIO C S LTDA;97094775000105;AVENIDA JOAO WALLIG,  1903;CHACARA DAS PEDRAS;91340001;RS;PORTO ALEGRE
AUTO POSTO TALISMA LTDA;00087804000170;RUA GAL. EURICO GASPAR DUTRA,  1375;ESTREITO;88070000;SC;FLORIANOPOLIS
COLONIAL PRODUTOS E SERVICOS LTDA;00108775000185;AVENIDA MAURO RAMOS,  2010;CENTRO;88020302;SC;FLORIANOPOLIS
AVILA COMERCIO DE COMBUSTIVEIS LTDA;01401005000199;RODOVIA FRANCISCO MAGNO VIEIRA,  375;COSTEIRA DO PIRAJUBAE;88048000;SC;FLORIANOPOLIS
AVILA COMERCIO DE COMBUSTIVEIS LTDA;01401005000350;AVENIDA LUIZ BOITEUX PIAZZA,  2761;CACHOEIRA BOM JESUS;88054700;SC;FLORIANOPOLIS
VILA RICA COM DE COMBUSTIVEL LTDA;02314908000286;AVENIDA MAURO RAMOS,  390;CENTRO;88020300;SC;FLORIANOPOLIS
POSTO CORREGO GRANDE LTDA;02476506000105;RUA JOAO PIO DUARTE SILVA,  298;CORREGO GRANDE;88037000;SC;FLORIANOPOLIS
POSTO AVIAO LTDA;02742589000129;RUA DEP DIOMICIO FREITAS,  SN;CARIANOS;88047001;SC;FLORIANOPOLIS
AUTO POSTO DA VOVO LTDA.;03799489000100;RUA LAURO LINHARES,  1619;TRINDADE;88036002;SC;FLORIANOPOLIS
POSTO DE SERVIÇOS ILHA BELA LTDA;04094401000109;RODOVIA SC 404,  500;ITACORUBI;88034001;SC;FLORIANOPOLIS
COMERCIO DE COMBUSTIVEIS E LUBRIFICANTES INGLESES LTDA;05377409000145;RODOVIA ARMANDO CALIL BULOS,  5105;VARGEM GRANDE;88058000;SC;FLORIANOPOLIS
POSTO PARQUE SAO JORGE LTDA;09135347000116;RODOVIA ADMAR GONZAGA,  2565;ITACORUBI;88034001;SC;FLORIANOPOLIS
CAMPECHE COMERCIO DE COMBUSTIVEIS LTDA;13094294000100;RODOVIA SC 405,  2859;CAMPECHE;88065000;SC;FLORIANOPOLIS
AJG COMERCIO DE COMBUSTIVEL LTDA;17016859000191;ESTRADA VEREADOR ONILDO LEMOS,  717;INGLESES DO RIO VERMELHO;88058700;SC;FLORIANOPOLIS
AUTO POSTO MONTE VERDE LTDA;23830528000193;ROD. VIRGÍLIO VÁRZEA,  460;MONTE VERDE;88032000;SC;FLORIANOPOLIS
POSTO CAPOEIRAS LTDA;28532730000152;RUA PARALELA NOVO HORIZONTE,  3530;CAPOEIRAS;88090067;SC;FLORIANOPOLIS
GDI COMERCIO DE COMBUSTIVEIS LTDA;33103091000220;AVENIDA JOSUÉ DI BERNARDI,  505;CAPOEIRAS;88095720;SC;FLORIANOPOLIS
POSTO CENTRAL COMERCIO DE COMBUSTIVEIS EIRELI;33863296000123;RUA CRISPIM MIRA,  179;CENTRO;88020540;SC;FLORIANOPOLIS
POSTO DO GUSTA LTDA;45434028000175;AVENIDA LUIZ BOITEUX PIAZZA,  5560;PONTA DAS  CANAS;88056701;SC;FLORIANOPOLIS
SULCAR POSTO DE SERVICOS LTDA;76840198000183;RUA DEP ANTONIO EDU VIEIRA,  1190;PANTANAL;88040001;SC;FLORIANOPOLIS
POSTO GALO LTDA;81326258000184;RUA GERÔNIMO JOSE DIAS,  200;SACO DOS LIMÕES;88045000;SC;FLORIANOPOLIS
POSTO GALO LTDA;81326258000346;RUA ALMIRANTE LAMEGO,  1076;CENTRO;88015601;SC;FLORIANOPOLIS
POSTO GALO LTDA;81326258000427;RUA GERAL RIO TAVARES,  S/N;RIO TAVARES;88062970;SC;FLORIANOPOLIS
POSTO GALO LTDA;81326258000508;RUA HENRIGUE VERAS NASCIMENTO,  270;LAGOA DA CONCEIÇÃO;88062010;SC;FLORIANOPOLIS
POSTO GALO LTDA;81326258000699;RODOVIA JORNALISTA MANOEL DE MENEZES,  3007;BARRA DA LAGOA;88061701;SC;FLORIANOPOLIS
POSTO GALO LTDA;81326258001318;AVENIDA AFONSO DELAMBERT NETO,  240;LAGOA DA CONCEICAO;88062000;SC;FLORIANOPOLIS
POSTO GALO LTDA;81326258001903;RODOVIA DOUTOR ANTONIO LUIZ MOURA GONZAGA,  2361;RIO TAVARES;88048300;SC;FLORIANOPOLIS
POSTO GALO LTDA;81326258002551;AVENIDA ENGENHEIRO MAX DE SOUZA,  983;COQUEIROS;88080000;SC;FLORIANOPOLIS
POSTO MARILU LTDA;83257444000134;RODOVIA SANTA CATARINA,  401;INGLESES DO RIO VERMELHO;88070740;SC;FLORIANOPOLIS
COMERCIO DE COMBUSTIVEIS SPILLERE LTDA;83595462000126;RODOVIA JOSE CARLOS DAUX  SC 401,  11090;SANTO ANTONIO DE LISBOA;88050001;SC;FLORIANOPOLIS
AUTO POSTO M5 EIRELI;16991306000197;AVENIDA   MBOI GUACU,  20;JARDIM ARACATI;4949000;SP;SAO PAULO
POSTO PRINCESA DO ALVARENGA LTDA - EPP;17055425000109;ESTRADA DOALVARENGA,  2201;BALNEARIO MAR PAULISTA;4467000;SP;SAO PAULO
POSTO DE SERVICOS ANHANGUERA EIRELI;17071876000121;RUA INACIO LUIS DA COSTA,  534;PARQUE SAO DOMINGOS;5112010;SP;SAO PAULO
AUTO POSTO NOVO GIOVANNA I LTDA;17118319000119;AVENIDA ROLAND GARROS,  975;JARDIM BRASIL;2235000;SP;SAO PAULO
CENTRO AUTOMOTIVO ACC RADIAL LTDA;17129994000143;RUA MELO FREIRE,  1950;TATUAPE;3314030;SP;SAO PAULO
AUTO POSTO JURUPIS EIRELI;17134686000106;ALAMEDA DOS JURUPIS,  1299;INDIANOPOLIS;4088003;SP;SAO PAULO
DEXON AUTO POSTO LTDA;17306058000160;AVENIDA VEREADOR JOAO DE LUCA,  1777;JARDIM PRUDENCIA;4381001;SP;SAO PAULO
CENTRO AUTOMOTIVO LAGO VITORIA LTDA;17321139000130;RUA MARECHAL TITO,  1118;SAO MIGUEL PAULISTA;8010090;SP;SAO PAULO
AUTO POSTO MAR VIDA LTDA;17423801000162;AVENIDA   NORDESTINA,  1291;SÃO MIGUEL PAULISTA;8021010;SP;SAO PAULO
CENTRO AUTOMOTIVO TANNAT LTDA;17617672000143;AVENIDA ALCANTARA MACHADO,  3.500;QUARTA PARADA;3302000;SP;SAO PAULO
AUTO POSTO RAGUEB PETRO LTDA;17897139000182;AVENIDA RAGUEB CHOHFI,  3693;PARQUE BOA ESPERANCA;8341420;SP;SAO PAULO
AUTO POSTO CHABIN LTDA;18304021000166;RUA SANTA CRUZ,  965;VILA MARIANA;4121000;SP;SAO PAULO
AUTO POSTO LEAO DO BELEM LTDA;18435075000160;RUA CATUMBI,  371;BELEM;3021000;SP;SAO PAULO
AUTO POSTO DACAR LTDA.;18522781000140;RUA AGUIA DE HAIA,  583;ARTUR ALVIN;3694000;SP;SAO PAULO
AUTO POSTO ADRIATICA LTDA;18558605000168;AVENIDA ROQUE PETRONI JUNIOR,  549;VILA CORDEIRO;4707000;SP;SAO PAULO
AUTO POSTO JORLI LTDA;18712333000109;RUA GUAIAUNA,  497;GUAIAUNA;3631000;SP;SAO PAULO
AUTO POSTO TREVO DA SORTE LTDA;18765781000170;RUA IBITIRAMA,  704;VILA PRUDENTE;3133100;SP;SAO PAULO
POSTO DE SERVICOS NOVA NORDESTINA LTDA;19092849000160;RUA MOACIR DANTAS ITAPICURU,  53;CIDADE NOVA SÃO MIGUEL;8042290;SP;SAO PAULO
POSTO DE SERVICOS NOVA DAMASIO LTDA;19092852000184;RUA DAMASIO PINTO,  265;ITAQUERA;8247000;SP;SAO PAULO
AUTO POSTO RENOVO LTDA;19227241000104;AVENIDA KEMEL ADDAS,  780;CIDADE KEMEL;8130485;SP;SAO PAULO
POSTO DE SERVIÇOS LINS LTDA;19315338000160;AVENIDA CONSELHEIROCARRAO,  800;CHACARA CALIFORNIA;3402000;SP;SAO PAULO
POSTO DE SERVIÇOS TROVÃO LTDA;19380156000173;AVENIDA DOORATORIO,  2782;PARQUE SAO LUCAS;3220100;SP;SAO PAULO
AUTO POSTO MARMELL LTDA;19396151000139;AVENIDA REGUEB CHOHFI,  4000;JARDIM AUGUSTA;8341410;SP;SAO PAULO
AUTO POSTO GENESIS J.A. LTDA;19643397000168;AVENIDA DOS IMARES,  716;INDIANOPOLIS;4085001;SP;SAO PAULO
AUTO POSTO BUFFALO COMBUSTIVEIS LTDA;20033242000199;ESTRADA ITAQUERA-GUAIANAZES,  1130;VL 15 DE NOVEMBRO;8250010;SP;SAO PAULO
CENTRO AUTOMOTIVO THOMAS EDISON LTDA;20190819000176;AVENIDA THOMAS EDISON,  700;BARRA FUNDA;1140001;SP;SAO PAULO
AUTO POSTO SENARIS BELLO LTDA.;20514988000114;AVENIDA ENGENHEIRO LUIZ CARLOS BERRINI,  365;CIDADE MONCOES;4571010;SP;SAO PAULO
CENTRO AUTOMOTIVO JARDIM JACANA LTDA;20684089000160;AVENIDA ANTONELO DA MESSINA,  516;SITIO DO PIQUERI;2318000;SP;SAO PAULO
AUTO POSTO REI DO TATUAPE LTDA;20750878000151;AVENIDA CELSO GARCIA,  5471;TATUAPE;3063000;SP;SAO PAULO
CENTRO AUTOMOTIVO PARQUE DO CARMO LTDA;20881494000178;RUA OSVALDO PUCCI,  40;JARDIM NOSSA SENHORA DO CARMO;8270700;SP;SAO PAULO
CENTRO AUTOMOTIVO MOSCATEL LTDA;21042671000195;AVENIDA SALIM FARAH MALUF,  1.999;TATUAPE;3076000;SP;SAO PAULO
CENTRO AUTOMOTIVO NHAMBIQUARAS LTDA;21248520000198;ALAMEDA DOS NHAMBIQUARAS,  1555;INDIANOPOLIS;4090013;SP;SAO PAULO
AUTO POSTO WH33 LTDA;21372505000157;RUA JOAO ALFREDO,  641;SANTO AMARO;4747001;SP;SAO PAULO
CENTRO COMERCIAL PORTAL DE ITAQUERA LTDA;21534226000142;AVENIDA ITAQUERA,  7597;VILA CARMOSINA;8295001;SP;SAO PAULO
AUTO POSTO ZAKI NARCHI LTDA;21556810000107;RUA ANTONIO DOS SANTOS NETO,  246;CARANDIRU;2028020;SP;SAO PAULO
AUTO POSTO E SERVICOS CURVAO LTDA;21960361000150;RUA MARCIO BECK MACHADO,  150;CIDADE TIRADENTES;8485455;SP;SAO PAULO
AMF AEROPORTO COMERCIO VAREJISTA DE COMBUSTIVEIS LTDA;21962475000139;AVENIDA WASHINGTON LUIS,  5730;SANTO AMARO;4626001;SP;SAO PAULO
CENTRO AUTOMOTIVO RUA DOS TRILHOS LTDA;22118875000125;RUA DOS TRILHOS,  137;MOOCA;3168005;SP;SAO PAULO
AUTO POSTO ALVORADA DA VILA LTDA;22406880000133;RUA ALVILANDIA,  20;VILA MADALENA;5449070;SP;SAO PAULO
COLISEU COMERCIO VAREJISTA DE COMBUSTIVEIS LTDA;22988249000190;AVENIDA GIOVANNI GRONCHI,  6775;VILA ANDRADE;5724005;SP;SAO PAULO
CENTRO AUTOMOTIVO CASTANHEIRA LTDA;23398984000106;AVENIDA MATEO BEI,  1271;SAO MATEUS;3949011;SP;SAO PAULO
MODENA AUTO POSTO LTDA;23445146000146;ESTRADA DO M BOI MIRIM,  3060;JARDIM COIMBRA;4932306;SP;SAO PAULO
AUTO POSTO GIGANTE DA ENGENHEIRO LTDA;24052736000171;AVENIDA ENGENHEIRO CAETANO ALVARES,  2777;IMIRIM;2540003;SP;SAO PAULO
AUTO POSTO MARIA CANDIDA LTDA;24474137000146;RUA MARIA CANDIDA,  1.619;VILA GUILHERME;2071012;SP;SAO PAULO
AUTO POSTO E SERVICOS 19 DE JANEIRO LTDA;24523091000108;AVENIDA DEZENOVE DE JANEIRO,  629;VILA CARRAO;3449000;SP;SAO PAULO
AUTO POSTO FONTALES LTDA;24633449000155;RUA USHIKICHI KAMYA,  1330;PARQUE CASA DE PEDRA;2323000;SP;SAO PAULO
CENTRO AUTOMOTIVO GABRIEL SARAIVA LTDA;25298301000174;AVENIDA SADAMU INOUE,  6170;JARDIM CASA GRANDE;4865005;SP;SAO PAULO
AUTO POSTO VILA ITABERABA LTDA;26227569000188;ESTRADA LAZARO AMANCIO DE BARROS,  492;VILA ITABERABA;2846010;SP;SAO PAULO
AUTO POSTO RODEDA LTDA;26592579000112;AVENIDA ELISIO CORDEIRO DE SIQUEIRA,  191;JARDIM SANTO ELIAS;5136000;SP;SAO PAULO
AUTO POSTO VILA VERA LTDA;26700338000140;RUA VERGUEIRO,  8958;VILA FIRMIANO PINTO;4272300;SP;SAO PAULO
AUTO POSTO QUINTO LTDA;26751240000111;AVENIDA SAO MIGUEL,  6095;VILA NORMA;8070002;SP;SAO PAULO
GDO PARTICIPACOES S/A;27751075014382;RUA JOSE RAMON URTIZA,  1230;VILA ANDRADE;5717270;SP;SAO PAULO
AUTO POSTO JWM LTDA;28072219000115;RUA VERGUEIRO,  6689;VILA FIRMIANO PINTO;4273100;SP;SAO PAULO
AUTO POSTO ARCA LTDA;28345060000165;RUA PAULO BARBOSA,  322;IPIRANGA;4201080;SP;SAO PAULO
AUTO POSTO PRIMEIRA PARADA LTDA;28399835000185;RUA DA MOOCA,  1126;MOOCA;3104010;SP;SAO PAULO
CENTRO AUTOMOTIVO HIMALAIA LTDA;29549980000168;AVENIDA DO ORATORIO,  5720;JARDIM ANGELA (ZONA LESTE);3220300;SP;SAO PAULO
AUTO POSTO CIDADE ONE AMAURI LTDA;29808999000181;AVENIDA CIDADE JARDIM,  589;ITAIM BIBI;1453000;SP;SAO PAULO
AUTO POSTO NICE DE INTERLAGOS LTDA.;29860499000199;AVENIDA INTERLAGOS,  3918;JARDIM MARAJOARA;4660007;SP;SAO PAULO
POSTO DE SERVICOS DUBLIM LTDA;31938633000179;AVENIDA MARECHAL TITO,  5350;ITAIM PAULISTA;8115000;SP;SAO PAULO
AUTO POSTO VILA MANZINI LTDA;32462610000101;AVENIDA VITOR MANZINI,  450;SANTO AMARO;4745060;SP;SAO PAULO
AUTO POSTO GIGANTE DA TEOTONIO LTDA;32677275000150;AVENIDA SEN TEOTONIO VILELA,  6360;JARDIM SAO RAFAEL;4864002;SP;SAO PAULO
AUTO POSTO MAXIMUS LTDA;33047386000146;AVENIDA VITAL BRASIL,  730;BUTANTA;5503000;SP;SAO PAULO
AUTO POSTO MODELO DO IMIRIM LTDA;33554207000167;AVENIDA IMIRIM,  2185;IMIRIM;2465200;SP;SAO PAULO
DOPERI COMERCIO DE COMBUSTIVEIS EIRELI;33905077000160;RUA RANGEL DE ALMEIDA,  20;VILA CONTINENTAL;2616120;SP;SAO PAULO
AUTO POSTO BLACK HORSE LTDA;34701857000150;AVENIDA PROF LUIZ IGNACIO ANHAIA MELLO,  8051;VILA EMA;3295100;SP;SAO PAULO
F.G ITAIM AUTO POSTO LTDA;34728531000117;AVENIDA STO AMARO,  320;VILA NOVA CONCEICAO;4506000;SP;SAO PAULO
CENTRO AUTOMOTIVO PILAR DO TIETE LTDA;34855093000158;RUA DR EDGARD THEOTONIO SANTANA,  492;PARQUE INDUSTRIAL TOMAS EDSON;1140030;SP;SAO PAULO
AUTO POSTO CONQUISTA PENHA DE FRANCA EIRELI;35623084000102;AVENIDA GABRIELA MISTRAL,  556;PENHA DE FRANCA;3701000;SP;SAO PAULO
CENTRO AUTOMOTIVO BLUE MACHINE LTDA.;35806808000145;AVENIDA PROF FRANCISCO MORATO,  6155;VILA SONIA;5521400;SP;SAO PAULO
AUTO POSTO OSAKA LTDA;35831022000188;RUA GUAIPA,  1028;VILA LEOPOLDINA;5089000;SP;SAO PAULO
CENTRO AUTOMOTIVO AGUA MARINHA LTDA;36451182000164;AVENIDA DO RIO BONITO,  1011;SOCORRO;4776001;SP;SAO PAULO
CENTRO AUTOMOTIVO BLUE MIAMI LTDA;37654527000140;AVENIDA EDU CHAVES,  553;PARQUE EDU CHAVES;2229000;SP;SAO PAULO
ML20 IMIGRANTES AUTO POSTO LTDA;37832095000110;AVENIDA MIGUEL ESTEFNO,  1663;SAUDE;4301011;SP;SAO PAULO
CENTRO AUTOMOTIVO MOURISCO LTDA;38335454000196;AVENIDA REG FEIJO,  1111;VILA REGENTE FEIJO;3342000;SP;SAO PAULO
JET 7 POSTOS E SERVIÇOS LTDA;39007232000107;RUA PADRE JOSE DA ANCHIETA,  964;JARDIM BOA VISTA;4742000;SP;SAO PAULO
AUTO POSTO REDE BAN LTDA;39310504000143;AVENIDA ARICANDUVA,  4777;VILA ARICANDUVA;3527000;SP;SAO PAULO
AUTO POSTO BOSQUE CURSINO LTDA;39765171000147;AVENIDA DO CURSINO,  1106;SAUDE;4132000;SP;SAO PAULO
IRLANDES POSTO DE SERVICOS LTDA;40801977000122;AVENIDA PROF LUIZ IGNACIO ANHAIA MELLO,  8170;VILA DIVINA PASTORA;3294200;SP;SAO PAULO
AUTO POSTO QU4RTETO FANTASTICO LTDA;40856847000197;AVENIDA NORDESTINA,  2718;CIDADE NOVA SAO MIGUEL;8042117;SP;SAO PAULO
MAG 1 CENTRO DE SERVICOS LTDA;40885810000197;RUA NOVA DO TUPAROQUERA,  51;JARDIM NOVO SANTO AMARO;5820200;SP;SAO PAULO
AUTO POSTO BARAO DA ASSIS LTDA;41517372000177;RUA DR ASSIS RIBEIRO,  5138;ERMELINO MATARAZZO;3827000;SP;SAO PAULO
AUTO POSTO BENFICA LTDA.;41573562000101;ESTRADA MBOI MIRIM,  420;JARDIM DAS FLORES;4905000;SP;SAO PAULO
AUTO POSTO REDE BAN 2 LTDA;42108581000120;AVENIDA BELARMINO FERREIRA,  300;JARDIM ARIZE;3573090;SP;SAO PAULO
AUTO POSTO GIGANTE DO PESSEGO LTDA;42159489000199;AVENIDA JACU-PESSEGO/N. TRABALHADORES,  447;VILA JACUI;8050099;SP;SAO PAULO
CAPRI AUTO POSTO LTDA;43012665000128;AVENIDA DEPUTADO EMILIO CARLOS,  2153;VILA SANTA MARIA;2721100;SP;SAO PAULO
AUTO POSTO CALON LTDA;43030030000153;AVENIDA CANGAIBA,  1950;CANGAÍBA;3712000;SP;SAO PAULO
OURO VELHO AUTOMOVEIS E SERVICOS LTDA;43059997000168;RUA CEL DIOGO,  650;JARDIM GLORIA;1545000;SP;SAO PAULO
STILUS AUTO POSTO LTDA;43175199000100;AVENIDA INCONFIDENCIA MINEIRA,  959;VILA RICA;39110000;SP;SAO PAULO
AUTO POSTO EWAMARO LTDA;43177872000132;AVENIDA CONDESSA ELIZABETH DE ROBIANO,  S/N;VILA GUILHERME;3704000;SP;SAO PAULO
AUTO POSTO VELEIROS LTDA;43185800000137;AVENIDA DO RIO BONITO,  939;VELEIROS;4776001;SP;SAO PAULO
AUTO POSTO HELIODORA LTDA;43223197000130;RUA HELIODORA,  204;JARDIM SAO BENTO;2022050;SP;SAO PAULO
AUTOMOTIVO SANTA CATARINALTDA;43235423000101;AVENIDA SANTA CATARINA,  2951;VL STA CATARINA;4378500;SP;SAO PAULO
CALUANA COMBUSTIVEIS E SERVICOS LTDA;43286426000166;AVENIDA POMPEIA,  1682;POMPEIA;5022001;SP;SAO PAULO
ALUISIO MAKOTO MIYADA;43310523000147;AVENIDA PROF FRANCISCO MORATO,  3077;VILA SONIA;5513400;SP;SAO PAULO
SERVICENTER AUTO POSTO GRAN PARA LTDA;43320035000110;AVENIDA SANTA CATARINA,  2276;VILA SANTA CATARINA;4378200;SP;SAO PAULO
AUTO POSTO GRANA LTDA;43339001000178;RUA CONS CARRAO,  501;BELA VISTA;1328000;SP;SAO PAULO
AUTO POSTO SERRA DE BRAGANCA LTDA;43386838000178;RUA SERRA DE BRAGANCA,  1675;TATUAPE;3318000;SP;SAO PAULO
AUTO POSTO MANCHESTER LTDA;43389105000197;RUA TAMAINDE,  1153;VL NOVA MANCHESTER;3444000;SP;SAO PAULO
POSTO JD HELENA COM DE DERIVADOS DE PETROLEO LTDA;43396563000153;ESTRADA DE ITAQUERA-GUAIANAZES,  2392;GUAIANAZES;8420000;SP;SAO PAULO
AUTO POSTO IRMAOS MELO LTDA;43400670000108;AVENIDA GUILHERME GIORGI,  795;VILA CARRÃO;3422000;SP;SAO PAULO
POSTO GASPARZINHO LTDA;43400969000162;AVENIDA AGUIA DE HAIA,  2600;CID AE CARVALHO;3694000;SP;SAO PAULO
POSTO DE SERVICOS XIRIRICA LTDA;43493287000141;RUA TAUBATE,  686;VILA CARRÃO;3433000;SP;SAO PAULO
POSTO DE SERVICO BANDEIRALTDA;43502624000110;ESTRADA DE SAO MIGUEL,  3771;SAO MIGUEL PAULISTA;8210040;SP;SAO PAULO
AUTO POSTO MONTANA LTDA;43513001000142;RUA VERGUEIRO,  2962;VILA MARIANA;4102001;SP;SAO PAULO
POSTO DE SERVICO SIMBA LTDA;43518554000198;AVENIDA PE ARLINDO VIEIRA,  1977;JD CLIMAX;4166002;SP;SAO PAULO
AUTO POSTO PAULICEIA LTDA;43553122000118;AVENIDA LEONCIO DE MAGALHAES,  1351;JD SAO PAULO;2042011;SP;SAO PAULO
AUTO POSTO JOVEM LTDA;43602978000136;RUA PLANETA,  591;VILA FORMOSA;3376010;SP;SAO PAULO
AUTO POSTO NS 1885 LTDA;43679484000150;AVENIDA NSRA DE SABARA,  1885;VILA SANTANA;4685004;SP;SAO PAULO
POSTO DE SERVICO CONFIANCA LTDA;43700681000103;AVENIDA MORVAM D DE FIGUEIREDO,  7035;VILA MARIA;2170000;SP;SAO PAULO
AUTO POSTO CERVANTES LTDA.;43705065000145;RUA INACIO CERVANTES,  1177;PARQUE IPE;5572000;SP;SAO PAULO
AUTO POSTO TEODORO 565 LTDA;43708786000109;RUA S TEODORO,  565;VILA CARMOSINA;8290005;SP;SAO PAULO
AUTO POSTO CONSELHEIRO MOREIRA LTDA;43724304000104;RUA CONS MOREIRA DE BARROS,  2374;LAUZANE PAULISTA;2430001;SP;SAO PAULO
AUTO POSTO MARIA AMALIA LTDA;43729088000190;RUA MARIA AMALIA LOPES AZEVEDO,  3392;VILA ALBERTINA;2350003;SP;SAO PAULO
AUTO POSTO NIPO BRASILEIRO LTDA;43781772000110;AVENIDA MAL TITO,  3501;JARDIM SILVA TELES;8160505;SP;SAO PAULO
R. R. COMBUSTIVEIS LTDA;43802016000120;RUA VERGUEIRO,  5065;IPIRANGA;4273000;SP;SAO PAULO
AUTO POSTO JJ CORREIA ARRUDA LTDA;43829044000131;RUA TTCEL JOSE JOAQUIM CORREIA ARRUDA,  545;VILA PORTUGUESA;2832000;SP;SAO PAULO
AUTO POSTO PROFESSOR CARDOSO LTDA;43854508000160;RUA PROF CARDOZO DE MELLO NETO,  70;JARDIM SANTA TEREZINHA (PEDREIRA);4474180;SP;SAO PAULO
AUTO POSTO JARDIM NORDESTE LTDA;43856897000162;AVENIDA ESPERANTINA,  53;JARDIM NORDESTE;3692000;SP;SAO PAULO
AUTO POSTO CEMBIRA LTDA;43857382000187;AVENIDA COCA,  69;S MIGUEL PAULISTA;8030000;SP;SAO PAULO
POSTO DE SERVICOS GOLAN LTDA;43878842000153;AVENIDA SUMARE,  1549;PERDIZES;5016090;SP;SAO PAULO
AUTO POSTO J E LTDA;43912831000142;AVENIDA JOAQUINA RAMALHO,  151;VL GUILHERME;2065000;SP;SAO PAULO
RF 7 POSTO DE SERVICOS LTDA;43946888000162;RUA BELA CINTRA,  1507;CERQUEIRA CEZAR;1415001;SP;SAO PAULO
AUTO POSTO ENGENHEIRO CAETANO LTDA;43977606000194;AVENIDA MANDAQUI,  389;LIMAO;2550000;SP;SAO PAULO
POSTO DE GASOLINA REGENTE LTDA;44039451000108;RUA DOS MACHADOS,  101;VL GUILHERME;2052010;SP;SAO PAULO
AUTO POSTO PARADA 688 LTDA;44039838000164;AVENIDA PARADA PINTO,  688;VILA NOVA CACHOEIRINHA;2611002;SP;SAO PAULO
AUTO POSTO PARQUE MANDAQUI LTDA;44061373000148;AVENIDA STA INES,  494;PARQUE MANDAQUI;2415000;SP;SAO PAULO
P S SANTA CECILIA LTDA;44066009000170;RUA DOUTOR FREDERICO STEIDEL,  58;SANTA CECÍLIA;12250000;SP;SAO PAULO
AUTO POSTO SAO EDUARDO LTDA;44091338000171;AVENIDA CIPRIANO RODRIGUES,  998;VILA MATIAS;3361000;SP;SAO PAULO
P.S. PLATINUM LTDA;44099653000145;RUA PLATINA 540,  540;TATUAPÉ;33080100;SP;SAO PAULO
AUTO POSTO UNIPRIMOS LTDA;44128882000140;RUA TURIASSU,  1499;PERDIZES;5005001;SP;SAO PAULO
AUTO POSTO GARCIA 5174 LTDA;44266648000180;AVENIDA CELSO GARCIA,  5100;TATUAPE;3064000;SP;SAO PAULO
AUTO POSTO TITO 347 LTDA;44671603000190;AVENIDA MAL TITO,  347;SAO MIGUEL PAULISTA;8010090;SP;SAO PAULO
AUTO POSTO NOVA MARAJO LTDA;44692302000143;AVENIDA NOVA CANTAREIRA,  739;TUCURUVI;2331001;SP;SAO PAULO
AUTO POSTO ENGENHEIRO 1200 LTDA;45151101000100;AVENIDA ENG CAETANO ALVARES,  1200;SITIO DO MORRO;2553044;SP;SAO PAULO
AUTO POSTO CORONEL SEZEFREDO 2 LTDA;45164362000156;AVENIDA CEL SEZEFREDO FAGUNDES,  1816;TUCURUVI;2306002;SP;SAO PAULO
AUTO POSTO NIPAO SAKINI LTDA;45521858000130;AVENIDA OLIVEIRA FREIRE,  715;PARQUE PAULISTANO;8080570;SP;SAO PAULO
C M AUTO POSTO LTDA;45542768000125;RUA BRIG HAROLDO VELOSO,  501;ITAIM BIBI;4533080;SP;SAO PAULO
AUTO POSTO BOSQUE DA SAUDE LTDA;45642204000164;AVENIDA BOSQUE DA SAUDE,  639;SAUDE;4142091;SP;SAO PAULO
AUTO POSTO PINEDO LTDA;45736961000105;AVENIDA DE PINEDO,  57;SOCORRO;4764001;SP;SAO PAULO
MAXICAR AUTO SERV. LTDA;46158986000123;RUA JOSE MARIA LISBOA,  756;JARDIM AMÉRICA;1423001;SP;SAO PAULO
AUTO POSTO CASUARINAS LTDA;46238502000156;RUA DAS CASUARINAS,  20;VILA NOVA MAZZEI;2314100;SP;SAO PAULO
AUTO POSTO AGUIA DO IBIRAPUERA LTDA.;46288559000160;RUA MANUEL DA NOBREGA,  1360;PARAISO;4001004;SP;SAO PAULO
AUTO POSTO BARTIRA LTDA;46332896000107;RUA CARDOSO DE ALMEIDA,  1082;PERDIZES;5013001;SP;SAO PAULO
POSTO JURUPARI LTDA;46370177000180;RUA JURUPARI,  181;JD ORIENTAL;4348070;SP;SAO PAULO
SIQLUB AUTO POSTO LTDA;46512893000155;AVENIDA RIO DAS PEDRAS,  3100;VL NOVA YORK;3452200;SP;SAO PAULO
AUTO POSTO RODOVIAS LTDA;46887394000142;AVENIDA MORVAN DIAS FIGUEIREDO,  2605;VILA GUILHERME;2063000;SP;SAO PAULO
ELITE POSTO DE SERVICOS LTDA;47114681000182;ESTRADA DO ORATORIO,  3333;PRQ SAO LUCAS;3117000;SP;SAO PAULO
AUTO POSTO DOURO LTDA;47166707000136;AVENIDA DO ANASTACIO,  1145;PARQUE SAO DOMINGOS;5119000;SP;SAO PAULO
AUTO  POSTO CHEKIANG LTDA;47396684000156;AVENIDA ARQUITETO  VILANOVA ARTIGAS,  1540;SAPOPEMBA;3928240;SP;SAO PAULO
MAKRO ATACADISTA S.A;47427653002240;RUA CARMINE GAETA,  184;VILA MARIA;2060100;SP;SAO PAULO
