id_venda,id_data,id_posto,id_func,id_comb,qtd_lts,valor_venda,id_registro,id_comb,id_data,nome_comb,tipo_comb,custo_comb,revenda_comb
35515,366,1,11354,4,39.7,249.61,22838,4,1064,"Ipimax Gasolina Aditivada",Aditivado,5.53,6.9125
35515,366,1,11354,4,39.7,249.61,22831,4,1063,"Ipimax Gasolina Aditivada",Aditivado,5.53,6.9125
35515,366,1,11354,4,39.7,249.61,22824,4,1062,"Ipimax Gasolina Aditivada",Aditivado,5.53,6.9125
35515,366,1,11354,4,39.7,249.61,22817,4,1061,"Ipimax Gasolina Aditivada",Aditivado,5.53,6.9125
35515,366,1,11354,4,39.7,249.61,22810,4,1060,"Ipimax Gasolina Aditivada",Aditivado,5.53,6.9125
35515,366,1,11354,4,39.7,249.61,22803,4,1059,"Ipimax Gasolina Aditivada",Aditivado,5.53,6.9125
35515,366,1,11354,4,39.7,249.61,22796,4,1058,"Ipimax Gasolina Aditivada",Aditivado,5.53,6.9125
35515,366,1,11354,4,39.7,249.61,22789,4,1057,"Ipimax Gasolina Aditivada",Aditivado,5.53,6.9125
35515,366,1,11354,4,39.7,249.61,22782,4,1056,"Ipimax Gasolina Aditivada",Aditivado,5.53,6.9125
35515,366,1,11354,4,39.7,249.61,22775,4,1055,"Ipimax Gasolina Aditivada",Aditivado,5.53,6.9125
35515,366,1,11354,4,39.7,249.61,22768,4,1054,"Ipimax Gasolina Aditivada",Aditivado,5.53,6.9125
35515,366,1,11354,4,39.7,249.61,22761,4,1053,"Ipimax Gasolina Aditivada",Aditivado,5.53,6.9125
35515,366,1,11354,4,39.7,249.61,22754,4,1052,"Ipimax Gasolina Aditivada",Aditivado,5.53,6.9125
35515,366,1,11354,4,39.7,249.61,22747,4,1051,"Ipimax Gasolina Aditivada",Aditivado,5.53,6.9125
35515,366,1,11354,4,39.7,249.61,22740,4,1050,"Ipimax Gasolina Aditivada",Aditivado,5.53,6.9125
35515,366,1,11354,4,39.7,249.61,22733,4,1049,"Ipimax Gasolina Aditivada",Aditivado,5.53,6.9125
35515,366,1,11354,4,39.7,249.61,22726,4,1048,"Ipimax Gasolina Aditivada",Aditivado,5.53,6.9125
35515,366,1,11354,4,39.7,249.61,22719,4,1047,"Ipimax Gasolina Aditivada",Aditivado,5.53,6.9125
35515,366,1,11354,4,39.7,249.61,22712,4,1046,"Ipimax Gasolina Aditivada",Aditivado,5.53,6.9125
35515,366,1,11354,4,39.7,249.61,22705,4,1045,"Ipimax Gasolina Aditivada",Aditivado,5.53,6.9125
35515,366,1,11354,4,39.7,249.61,22698,4,1044,"Ipimax Gasolina Aditivada",Aditivado,5.53,6.9125
35515,366,1,11354,4,39.7,249.61,22691,4,1043,"Ipimax Gasolina Aditivada",Aditivado,5.53,6.9125
35515,366,1,11354,4,39.7,249.61,22684,4,1042,"Ipimax Gasolina Aditivada",Aditivado,5.53,6.9125
35515,366,1,11354,4,39.7,249.61,22677,4,1041,"Ipimax Gasolina Aditivada",Aditivado,5.53,6.9125
35515,366,1,11354,4,39.7,249.61,22670,4,1040,"Ipimax Gasolina Aditivada",Aditivado,5.53,6.9125
35515,366,1,11354,4,39.7,249.61,22663,4,1039,"Ipimax Gasolina Aditivada",Aditivado,5.53,6.9125
35515,366,1,11354,4,39.7,249.61,22656,4,1038,"Ipimax Gasolina Aditivada",Aditivado,5.53,6.9125
35515,366,1,11354,4,39.7,249.61,22649,4,1037,"Ipimax Gasolina Aditivada",Aditivado,5.53,6.9125
35515,366,1,11354,4,39.7,249.61,22642,4,1036,"Ipimax Gasolina Aditivada",Aditivado,5.53,6.9125
35515,366,1,11354,4,39.7,249.61,22635,4,1035,"Ipimax Gasolina Aditivada",Aditivado,5.53,6.9125
35515,366,1,11354,4,39.7,249.61,22628,4,1034,"Ipimax Gasolina Aditivada",Aditivado,5.53,6.9125
35515,366,1,11354,4,39.7,249.61,22621,4,1033,"Ipimax Gasolina Aditivada",Aditivado,5.53,6.9125
35515,366,1,11354,4,39.7,249.61,22614,4,1032,"Ipimax Gasolina Aditivada",Aditivado,5.53,6.9125
35515,366,1,11354,4,39.7,249.61,22607,4,1031,"Ipimax Gasolina Aditivada",Aditivado,5.53,6.9125
35515,366,1,11354,4,39.7,249.61,22600,4,1030,"Ipimax Gasolina Aditivada",Aditivado,5.53,6.9125
35515,366,1,11354,4,39.7,249.61,22593,4,1029,"Ipimax Gasolina Aditivada",Aditivado,5.53,6.9125
35515,366,1,11354,4,39.7,249.61,22586,4,1028,"Ipimax Gasolina Aditivada",Aditivado,5.53,6.9125
35515,366,1,11354,4,39.7,249.61,22579,4,1027,"Ipimax Gasolina Aditivada",Aditivado,5.53,6.9125
35515,366,1,11354,4,39.7,249.61,22572,4,1026,"Ipimax Gasolina Aditivada",Aditivado,5.53,6.9125
35515,366,1,11354,4,39.7,249.61,22565,4,1025,"Ipimax Gasolina Aditivada",Aditivado,5.53,6.9125
35515,366,1,11354,4,39.7,249.61,22558,4,1024,"Ipimax Gasolina Aditivada",Aditivado,5.53,6.9125
35515,366,1,11354,4,39.7,249.61,22551,4,1023,"Ipimax Gasolina Aditivada",Aditivado,5.53,6.9125
35515,366,1,11354,4,39.7,249.61,22544,4,1022,"Ipimax Gasolina Aditivada",Aditivado,5.53,6.9125
35515,366,1,11354,4,39.7,249.61,22537,4,1021,"Ipimax Gasolina Aditivada",Aditivado,5.53,6.9125
35515,366,1,11354,4,39.7,249.61,22530,4,1020,"Ipimax Gasolina Aditivada",Aditivado,5.53,6.9125
35515,366,1,11354,4,39.7,249.61,22523,4,1019,"Ipimax Gasolina Aditivada",Aditivado,5.53,6.9125
35515,366,1,11354,4,39.7,249.61,22516,4,1018,"Ipimax Gasolina Aditivada",Aditivado,5.53,6.9125
35515,366,1,11354,4,39.7,249.61,22509,4,1017,"Ipimax Gasolina Aditivada",Aditivado,5.53,6.9125
35515,366,1,11354,4,39.7,249.61,22502,4,1016,"Ipimax Gasolina Aditivada",Aditivado,5.53,6.9125
35515,366,1,11354,4,39.7,249.61,22495,4,1015,"Ipimax Gasolina Aditivada",Aditivado,5.53,6.9125
35515,366,1,11354,4,39.7,249.61,22488,4,1014,"Ipimax Gasolina Aditivada",Aditivado,5.53,6.9125
35515,366,1,11354,4,39.7,249.61,22481,4,1013,"Ipimax Gasolina Aditivada",Aditivado,5.53,6.9125
35515,366,1,11354,4,39.7,249.61,22474,4,1012,"Ipimax Gasolina Aditivada",Aditivado,5.53,6.9125
35515,366,1,11354,4,39.7,249.61,22467,4,1011,"Ipimax Gasolina Aditivada",Aditivado,5.53,6.9125
35515,366,1,11354,4,39.7,249.61,22460,4,1010,"Ipimax Gasolina Aditivada",Aditivado,5.53,6.9125
35515,366,1,11354,4,39.7,249.61,22453,4,1009,"Ipimax Gasolina Aditivada",Aditivado,5.53,6.9125
35515,366,1,11354,4,39.7,249.61,22446,4,1008,"Ipimax Gasolina Aditivada",Aditivado,5.53,6.9125
35515,366,1,11354,4,39.7,249.61,22439,4,1007,"Ipimax Gasolina Aditivada",Aditivado,5.53,6.9125
35515,366,1,11354,4,39.7,249.61,22432,4,1006,"Ipimax Gasolina Aditivada",Aditivado,5.53,6.9125
35515,366,1,11354,4,39.7,249.61,22425,4,1005,"Ipimax Gasolina Aditivada",Aditivado,5.53,6.9125
35515,366,1,11354,4,39.7,249.61,22418,4,1004,"Ipimax Gasolina Aditivada",Aditivado,5.53,6.9125
35515,366,1,11354,4,39.7,249.61,22411,4,1003,"Ipimax Gasolina Aditivada",Aditivado,5.62,7.025
35515,366,1,11354,4,39.7,249.61,22404,4,1002,"Ipimax Gasolina Aditivada",Aditivado,5.62,7.025
35515,366,1,11354,4,39.7,249.61,22397,4,1001,"Ipimax Gasolina Aditivada",Aditivado,5.62,7.025
35515,366,1,11354,4,39.7,249.61,22390,4,1000,"Ipimax Gasolina Aditivada",Aditivado,5.62,7.025
35515,366,1,11354,4,39.7,249.61,22383,4,999,"Ipimax Gasolina Aditivada",Aditivado,5.62,7.025
35515,366,1,11354,4,39.7,249.61,22376,4,998,"Ipimax Gasolina Aditivada",Aditivado,5.62,7.025
35515,366,1,11354,4,39.7,249.61,22369,4,997,"Ipimax Gasolina Aditivada",Aditivado,5.62,7.025
35515,366,1,11354,4,39.7,249.61,22362,4,996,"Ipimax Gasolina Aditivada",Aditivado,5.62,7.025
35515,366,1,11354,4,39.7,249.61,22355,4,995,"Ipimax Gasolina Aditivada",Aditivado,5.62,7.025
35515,366,1,11354,4,39.7,249.61,22348,4,994,"Ipimax Gasolina Aditivada",Aditivado,5.62,7.025
35515,366,1,11354,4,39.7,249.61,22341,4,993,"Ipimax Gasolina Aditivada",Aditivado,5.62,7.025
35515,366,1,11354,4,39.7,249.61,22334,4,992,"Ipimax Gasolina Aditivada",Aditivado,5.62,7.025
35515,366,1,11354,4,39.7,249.61,22327,4,991,"Ipimax Gasolina Aditivada",Aditivado,5.62,7.025
35515,366,1,11354,4,39.7,249.61,22320,4,990,"Ipimax Gasolina Aditivada",Aditivado,5.62,7.025
35515,366,1,11354,4,39.7,249.61,22313,4,989,"Ipimax Gasolina Aditivada",Aditivado,5.62,7.025
35515,366,1,11354,4,39.7,249.61,22306,4,988,"Ipimax Gasolina Aditivada",Aditivado,5.62,7.025
35515,366,1,11354,4,39.7,249.61,22299,4,987,"Ipimax Gasolina Aditivada",Aditivado,5.62,7.025
35515,366,1,11354,4,39.7,249.61,22292,4,986,"Ipimax Gasolina Aditivada",Aditivado,5.62,7.025
35515,366,1,11354,4,39.7,249.61,22285,4,985,"Ipimax Gasolina Aditivada",Aditivado,5.62,7.025
35515,366,1,11354,4,39.7,249.61,22278,4,984,"Ipimax Gasolina Aditivada",Aditivado,5.62,7.025
35515,366,1,11354,4,39.7,249.61,22271,4,983,"Ipimax Gasolina Aditivada",Aditivado,5.62,7.025
35515,366,1,11354,4,39.7,249.61,22264,4,982,"Ipimax Gasolina Aditivada",Aditivado,5.62,7.025
35515,366,1,11354,4,39.7,249.61,22257,4,981,"Ipimax Gasolina Aditivada",Aditivado,5.62,7.025
35515,366,1,11354,4,39.7,249.61,22250,4,980,"Ipimax Gasolina Aditivada",Aditivado,5.62,7.025
35515,366,1,11354,4,39.7,249.61,22243,4,979,"Ipimax Gasolina Aditivada",Aditivado,5.62,7.025
35515,366,1,11354,4,39.7,249.61,22236,4,978,"Ipimax Gasolina Aditivada",Aditivado,5.62,7.025
35515,366,1,11354,4,39.7,249.61,22229,4,977,"Ipimax Gasolina Aditivada",Aditivado,5.62,7.025
35515,366,1,11354,4,39.7,249.61,22222,4,976,"Ipimax Gasolina Aditivada",Aditivado,5.62,7.025
35515,366,1,11354,4,39.7,249.61,22215,4,975,"Ipimax Gasolina Aditivada",Aditivado,5.62,7.025
35515,366,1,11354,4,39.7,249.61,22208,4,974,"Ipimax Gasolina Aditivada",Aditivado,5.62,7.025
35515,366,1,11354,4,39.7,249.61,22201,4,973,"Ipimax Gasolina Aditivada",Aditivado,5.62,7.025
35515,366,1,11354,4,39.7,249.61,22194,4,972,"Ipimax Gasolina Aditivada",Aditivado,5.62,7.025
35515,366,1,11354,4,39.7,249.61,22187,4,971,"Ipimax Gasolina Aditivada",Aditivado,5.62,7.025
35515,366,1,11354,4,39.7,249.61,22180,4,970,"Ipimax Gasolina Aditivada",Aditivado,5.62,7.025
35515,366,1,11354,4,39.7,249.61,22173,4,969,"Ipimax Gasolina Aditivada",Aditivado,5.62,7.025
35515,366,1,11354,4,39.7,249.61,22166,4,968,"Ipimax Gasolina Aditivada",Aditivado,5.62,7.025
35515,366,1,11354,4,39.7,249.61,22159,4,967,"Ipimax Gasolina Aditivada",Aditivado,5.62,7.025
35515,366,1,11354,4,39.7,249.61,22152,4,966,"Ipimax Gasolina Aditivada",Aditivado,5.62,7.025
35515,366,1,11354,4,39.7,249.61,22145,4,965,"Ipimax Gasolina Aditivada",Aditivado,5.62,7.025
35515,366,1,11354,4,39.7,249.61,22138,4,964,"Ipimax Gasolina Aditivada",Aditivado,5.62,7.025
35515,366,1,11354,4,39.7,249.61,22131,4,963,"Ipimax Gasolina Aditivada",Aditivado,5.62,7.025
35515,366,1,11354,4,39.7,249.61,22124,4,962,"Ipimax Gasolina Aditivada",Aditivado,5.62,7.025
35515,366,1,11354,4,39.7,249.61,22117,4,961,"Ipimax Gasolina Aditivada",Aditivado,5.62,7.025
35515,366,1,11354,4,39.7,249.61,22110,4,960,"Ipimax Gasolina Aditivada",Aditivado,5.62,7.025
35515,366,1,11354,4,39.7,249.61,22103,4,959,"Ipimax Gasolina Aditivada",Aditivado,5.62,7.025
35515,366,1,11354,4,39.7,249.61,22096,4,958,"Ipimax Gasolina Aditivada",Aditivado,5.62,7.025
35515,366,1,11354,4,39.7,249.61,22089,4,957,"Ipimax Gasolina Aditivada",Aditivado,5.62,7.025
35515,366,1,11354,4,39.7,249.61,22082,4,956,"Ipimax Gasolina Aditivada",Aditivado,5.62,7.025
35515,366,1,11354,4,39.7,249.61,22075,4,955,"Ipimax Gasolina Aditivada",Aditivado,5.62,7.025
35515,366,1,11354,4,39.7,249.61,22068,4,954,"Ipimax Gasolina Aditivada",Aditivado,5.62,7.025
35515,366,1,11354,4,39.7,249.61,22061,4,953,"Ipimax Gasolina Aditivada",Aditivado,5.62,7.025
35515,366,1,11354,4,39.7,249.61,22054,4,952,"Ipimax Gasolina Aditivada",Aditivado,5.62,7.025
35515,366,1,11354,4,39.7,249.61,22047,4,951,"Ipimax Gasolina Aditivada",Aditivado,5.62,7.025
35515,366,1,11354,4,39.7,249.61,22040,4,950,"Ipimax Gasolina Aditivada",Aditivado,5.62,7.025
35515,366,1,11354,4,39.7,249.61,22033,4,949,"Ipimax Gasolina Aditivada",Aditivado,5.62,7.025
35515,366,1,11354,4,39.7,249.61,22026,4,948,"Ipimax Gasolina Aditivada",Aditivado,5.62,7.025
35515,366,1,11354,4,39.7,249.61,22019,4,947,"Ipimax Gasolina Aditivada",Aditivado,5.62,7.025
35515,366,1,11354,4,39.7,249.61,22012,4,946,"Ipimax Gasolina Aditivada",Aditivado,5.62,7.025
35515,366,1,11354,4,39.7,249.61,22005,4,945,"Ipimax Gasolina Aditivada",Aditivado,5.62,7.025
35515,366,1,11354,4,39.7,249.61,21998,4,944,"Ipimax Gasolina Aditivada",Aditivado,5.62,7.025
35515,366,1,11354,4,39.7,249.61,21991,4,943,"Ipimax Gasolina Aditivada",Aditivado,5.62,7.025
35515,366,1,11354,4,39.7,249.61,21984,4,942,"Ipimax Gasolina Aditivada",Aditivado,5.62,7.025
35515,366,1,11354,4,39.7,249.61,21977,4,941,"Ipimax Gasolina Aditivada",Aditivado,5.62,7.025
35515,366,1,11354,4,39.7,249.61,21970,4,940,"Ipimax Gasolina Aditivada",Aditivado,5.62,7.025
35515,366,1,11354,4,39.7,249.61,21963,4,939,"Ipimax Gasolina Aditivada",Aditivado,5.62,7.025
35515,366,1,11354,4,39.7,249.61,21956,4,938,"Ipimax Gasolina Aditivada",Aditivado,5.62,7.025
35515,366,1,11354,4,39.7,249.61,21949,4,937,"Ipimax Gasolina Aditivada",Aditivado,5.62,7.025
35515,366,1,11354,4,39.7,249.61,21942,4,936,"Ipimax Gasolina Aditivada",Aditivado,5.62,7.025
35515,366,1,11354,4,39.7,249.61,21935,4,935,"Ipimax Gasolina Aditivada",Aditivado,5.62,7.025
35515,366,1,11354,4,39.7,249.61,21928,4,934,"Ipimax Gasolina Aditivada",Aditivado,5.62,7.025
35515,366,1,11354,4,39.7,249.61,21921,4,933,"Ipimax Gasolina Aditivada",Aditivado,5.62,7.025
35515,366,1,11354,4,39.7,249.61,21914,4,932,"Ipimax Gasolina Aditivada",Aditivado,5.62,7.025
35515,366,1,11354,4,39.7,249.61,21907,4,931,"Ipimax Gasolina Aditivada",Aditivado,5.62,7.025
35515,366,1,11354,4,39.7,249.61,21900,4,930,"Ipimax Gasolina Aditivada",Aditivado,5.62,7.025
35515,366,1,11354,4,39.7,249.61,21893,4,929,"Ipimax Gasolina Aditivada",Aditivado,5.62,7.025
35515,366,1,11354,4,39.7,249.61,21886,4,928,"Ipimax Gasolina Aditivada",Aditivado,5.62,7.025
35515,366,1,11354,4,39.7,249.61,21879,4,927,"Ipimax Gasolina Aditivada",Aditivado,5.62,7.025
35515,366,1,11354,4,39.7,249.61,21872,4,926,"Ipimax Gasolina Aditivada",Aditivado,5.62,7.025
35515,366,1,11354,4,39.7,249.61,21865,4,925,"Ipimax Gasolina Aditivada",Aditivado,5.62,7.025
35515,366,1,11354,4,39.7,249.61,21858,4,924,"Ipimax Gasolina Aditivada",Aditivado,5.62,7.025
35515,366,1,11354,4,39.7,249.61,21851,4,923,"Ipimax Gasolina Aditivada",Aditivado,5.62,7.025
35515,366,1,11354,4,39.7,249.61,21844,4,922,"Ipimax Gasolina Aditivada",Aditivado,5.62,7.025
35515,366,1,11354,4,39.7,249.61,21837,4,921,"Ipimax Gasolina Aditivada",Aditivado,5.62,7.025
35515,366,1,11354,4,39.7,249.61,21830,4,920,"Ipimax Gasolina Aditivada",Aditivado,5.62,7.025
35515,366,1,11354,4,39.7,249.61,21823,4,919,"Ipimax Gasolina Aditivada",Aditivado,5.62,7.025
35515,366,1,11354,4,39.7,249.61,21816,4,918,"Ipimax Gasolina Aditivada",Aditivado,5.62,7.025
35515,366,1,11354,4,39.7,249.61,21809,4,917,"Ipimax Gasolina Aditivada",Aditivado,5.62,7.025
35515,366,1,11354,4,39.7,249.61,21802,4,916,"Ipimax Gasolina Aditivada",Aditivado,5.62,7.025
35515,366,1,11354,4,39.7,249.61,21795,4,915,"Ipimax Gasolina Aditivada",Aditivado,5.62,7.025
35515,366,1,11354,4,39.7,249.61,21788,4,914,"Ipimax Gasolina Aditivada",Aditivado,5.62,7.025
35515,366,1,11354,4,39.7,249.61,21781,4,913,"Ipimax Gasolina Aditivada",Aditivado,5.62,7.025
35515,366,1,11354,4,39.7,249.61,21774,4,912,"Ipimax Gasolina Aditivada",Aditivado,5.62,7.025
35515,366,1,11354,4,39.7,249.61,21767,4,911,"Ipimax Gasolina Aditivada",Aditivado,5.46,6.825
35515,366,1,11354,4,39.7,249.61,21760,4,910,"Ipimax Gasolina Aditivada",Aditivado,5.46,6.825
35515,366,1,11354,4,39.7,249.61,21753,4,909,"Ipimax Gasolina Aditivada",Aditivado,5.46,6.825
35515,366,1,11354,4,39.7,249.61,21746,4,908,"Ipimax Gasolina Aditivada",Aditivado,5.46,6.825
35515,366,1,11354,4,39.7,249.61,21739,4,907,"Ipimax Gasolina Aditivada",Aditivado,5.46,6.825
35515,366,1,11354,4,39.7,249.61,21732,4,906,"Ipimax Gasolina Aditivada",Aditivado,5.46,6.825
35515,366,1,11354,4,39.7,249.61,21725,4,905,"Ipimax Gasolina Aditivada",Aditivado,5.46,6.825
35515,366,1,11354,4,39.7,249.61,21718,4,904,"Ipimax Gasolina Aditivada",Aditivado,5.46,6.825
35515,366,1,11354,4,39.7,249.61,21711,4,903,"Ipimax Gasolina Aditivada",Aditivado,5.46,6.825
35515,366,1,11354,4,39.7,249.61,21704,4,902,"Ipimax Gasolina Aditivada",Aditivado,5.46,6.825
35515,366,1,11354,4,39.7,249.61,21697,4,901,"Ipimax Gasolina Aditivada",Aditivado,5.46,6.825
35515,366,1,11354,4,39.7,249.61,21690,4,900,"Ipimax Gasolina Aditivada",Aditivado,5.46,6.825
35515,366,1,11354,4,39.7,249.61,21683,4,899,"Ipimax Gasolina Aditivada",Aditivado,5.46,6.825
35515,366,1,11354,4,39.7,249.61,21676,4,898,"Ipimax Gasolina Aditivada",Aditivado,5.46,6.825
35515,366,1,11354,4,39.7,249.61,21669,4,897,"Ipimax Gasolina Aditivada",Aditivado,5.46,6.825
35515,366,1,11354,4,39.7,249.61,21662,4,896,"Ipimax Gasolina Aditivada",Aditivado,5.46,6.825
35515,366,1,11354,4,39.7,249.61,21655,4,895,"Ipimax Gasolina Aditivada",Aditivado,5.46,6.825
35515,366,1,11354,4,39.7,249.61,21648,4,894,"Ipimax Gasolina Aditivada",Aditivado,5.46,6.825
35515,366,1,11354,4,39.7,249.61,21641,4,893,"Ipimax Gasolina Aditivada",Aditivado,5.46,6.825
35515,366,1,11354,4,39.7,249.61,21634,4,892,"Ipimax Gasolina Aditivada",Aditivado,5.46,6.825
35515,366,1,11354,4,39.7,249.61,21627,4,891,"Ipimax Gasolina Aditivada",Aditivado,5.46,6.825
35515,366,1,11354,4,39.7,249.61,21620,4,890,"Ipimax Gasolina Aditivada",Aditivado,5.46,6.825
35515,366,1,11354,4,39.7,249.61,21613,4,889,"Ipimax Gasolina Aditivada",Aditivado,5.46,6.825
35515,366,1,11354,4,39.7,249.61,21606,4,888,"Ipimax Gasolina Aditivada",Aditivado,5.46,6.825
35515,366,1,11354,4,39.7,249.61,21599,4,887,"Ipimax Gasolina Aditivada",Aditivado,5.46,6.825
35515,366,1,11354,4,39.7,249.61,21592,4,886,"Ipimax Gasolina Aditivada",Aditivado,5.46,6.825
35515,366,1,11354,4,39.7,249.61,21585,4,885,"Ipimax Gasolina Aditivada",Aditivado,5.46,6.825
35515,366,1,11354,4,39.7,249.61,21578,4,884,"Ipimax Gasolina Aditivada",Aditivado,5.46,6.825
35515,366,1,11354,4,39.7,249.61,21571,4,883,"Ipimax Gasolina Aditivada",Aditivado,5.46,6.825
35515,366,1,11354,4,39.7,249.61,21564,4,882,"Ipimax Gasolina Aditivada",Aditivado,5.46,6.825
35515,366,1,11354,4,39.7,249.61,21557,4,881,"Ipimax Gasolina Aditivada",Aditivado,5.46,6.825
35515,366,1,11354,4,39.7,249.61,21550,4,880,"Ipimax Gasolina Aditivada",Aditivado,5.46,6.825
35515,366,1,11354,4,39.7,249.61,21543,4,879,"Ipimax Gasolina Aditivada",Aditivado,5.46,6.825
35515,366,1,11354,4,39.7,249.61,21536,4,878,"Ipimax Gasolina Aditivada",Aditivado,5.46,6.825
35515,366,1,11354,4,39.7,249.61,21529,4,877,"Ipimax Gasolina Aditivada",Aditivado,5.46,6.825
35515,366,1,11354,4,39.7,249.61,21522,4,876,"Ipimax Gasolina Aditivada",Aditivado,5.46,6.825
35515,366,1,11354,4,39.7,249.61,21515,4,875,"Ipimax Gasolina Aditivada",Aditivado,5.46,6.825
35515,366,1,11354,4,39.7,249.61,21508,4,874,"Ipimax Gasolina Aditivada",Aditivado,5.46,6.825
35515,366,1,11354,4,39.7,249.61,21501,4,873,"Ipimax Gasolina Aditivada",Aditivado,5.46,6.825
35515,366,1,11354,4,39.7,249.61,21494,4,872,"Ipimax Gasolina Aditivada",Aditivado,5.46,6.825
35515,366,1,11354,4,39.7,249.61,21487,4,871,"Ipimax Gasolina Aditivada",Aditivado,5.46,6.825
35515,366,1,11354,4,39.7,249.61,21480,4,870,"Ipimax Gasolina Aditivada",Aditivado,5.46,6.825
35515,366,1,11354,4,39.7,249.61,21473,4,869,"Ipimax Gasolina Aditivada",Aditivado,5.46,6.825
35515,366,1,11354,4,39.7,249.61,21466,4,868,"Ipimax Gasolina Aditivada",Aditivado,5.46,6.825
35515,366,1,11354,4,39.7,249.61,21459,4,867,"Ipimax Gasolina Aditivada",Aditivado,5.46,6.825
35515,366,1,11354,4,39.7,249.61,21452,4,866,"Ipimax Gasolina Aditivada",Aditivado,5.46,6.825
35515,366,1,11354,4,39.7,249.61,21445,4,865,"Ipimax Gasolina Aditivada",Aditivado,5.46,6.825
35515,366,1,11354,4,39.7,249.61,21438,4,864,"Ipimax Gasolina Aditivada",Aditivado,5.46,6.825
35515,366,1,11354,4,39.7,249.61,21431,4,863,"Ipimax Gasolina Aditivada",Aditivado,5.46,6.825
35515,366,1,11354,4,39.7,249.61,21424,4,862,"Ipimax Gasolina Aditivada",Aditivado,5.46,6.825
35515,366,1,11354,4,39.7,249.61,21417,4,861,"Ipimax Gasolina Aditivada",Aditivado,5.46,6.825
35515,366,1,11354,4,39.7,249.61,21410,4,860,"Ipimax Gasolina Aditivada",Aditivado,5.46,6.825
35515,366,1,11354,4,39.7,249.61,21403,4,859,"Ipimax Gasolina Aditivada",Aditivado,5.46,6.825
35515,366,1,11354,4,39.7,249.61,21396,4,858,"Ipimax Gasolina Aditivada",Aditivado,5.46,6.825
35515,366,1,11354,4,39.7,249.61,21389,4,857,"Ipimax Gasolina Aditivada",Aditivado,5.46,6.825
35515,366,1,11354,4,39.7,249.61,21382,4,856,"Ipimax Gasolina Aditivada",Aditivado,5.46,6.825
35515,366,1,11354,4,39.7,249.61,21375,4,855,"Ipimax Gasolina Aditivada",Aditivado,5.46,6.825
35515,366,1,11354,4,39.7,249.61,21368,4,854,"Ipimax Gasolina Aditivada",Aditivado,5.46,6.825
35515,366,1,11354,4,39.7,249.61,21361,4,853,"Ipimax Gasolina Aditivada",Aditivado,5.46,6.825
35515,366,1,11354,4,39.7,249.61,21354,4,852,"Ipimax Gasolina Aditivada",Aditivado,5.46,6.825
35515,366,1,11354,4,39.7,249.61,21347,4,851,"Ipimax Gasolina Aditivada",Aditivado,5.46,6.825
35515,366,1,11354,4,39.7,249.61,21340,4,850,"Ipimax Gasolina Aditivada",Aditivado,5.46,6.825
35515,366,1,11354,4,39.7,249.61,21333,4,849,"Ipimax Gasolina Aditivada",Aditivado,5.46,6.825
35515,366,1,11354,4,39.7,249.61,21326,4,848,"Ipimax Gasolina Aditivada",Aditivado,5.46,6.825
35515,366,1,11354,4,39.7,249.61,21319,4,847,"Ipimax Gasolina Aditivada",Aditivado,5.46,6.825
35515,366,1,11354,4,39.7,249.61,21312,4,846,"Ipimax Gasolina Aditivada",Aditivado,5.46,6.825
35515,366,1,11354,4,39.7,249.61,21305,4,845,"Ipimax Gasolina Aditivada",Aditivado,5.46,6.825
35515,366,1,11354,4,39.7,249.61,21298,4,844,"Ipimax Gasolina Aditivada",Aditivado,5.46,6.825
35515,366,1,11354,4,39.7,249.61,21291,4,843,"Ipimax Gasolina Aditivada",Aditivado,5.46,6.825
35515,366,1,11354,4,39.7,249.61,21284,4,842,"Ipimax Gasolina Aditivada",Aditivado,5.46,6.825
35515,366,1,11354,4,39.7,249.61,21277,4,841,"Ipimax Gasolina Aditivada",Aditivado,5.46,6.825
35515,366,1,11354,4,39.7,249.61,21270,4,840,"Ipimax Gasolina Aditivada",Aditivado,5.46,6.825
35515,366,1,11354,4,39.7,249.61,21263,4,839,"Ipimax Gasolina Aditivada",Aditivado,5.46,6.825
35515,366,1,11354,4,39.7,249.61,21256,4,838,"Ipimax Gasolina Aditivada",Aditivado,5.46,6.825
35515,366,1,11354,4,39.7,249.61,21249,4,837,"Ipimax Gasolina Aditivada",Aditivado,5.46,6.825
35515,366,1,11354,4,39.7,249.61,21242,4,836,"Ipimax Gasolina Aditivada",Aditivado,5.46,6.825
35515,366,1,11354,4,39.7,249.61,21235,4,835,"Ipimax Gasolina Aditivada",Aditivado,5.46,6.825
35515,366,1,11354,4,39.7,249.61,21228,4,834,"Ipimax Gasolina Aditivada",Aditivado,5.46,6.825
35515,366,1,11354,4,39.7,249.61,21221,4,833,"Ipimax Gasolina Aditivada",Aditivado,5.46,6.825
35515,366,1,11354,4,39.7,249.61,21214,4,832,"Ipimax Gasolina Aditivada",Aditivado,5.46,6.825
35515,366,1,11354,4,39.7,249.61,21207,4,831,"Ipimax Gasolina Aditivada",Aditivado,5.46,6.825
35515,366,1,11354,4,39.7,249.61,21200,4,830,"Ipimax Gasolina Aditivada",Aditivado,5.46,6.825
35515,366,1,11354,4,39.7,249.61,21193,4,829,"Ipimax Gasolina Aditivada",Aditivado,5.46,6.825
35515,366,1,11354,4,39.7,249.61,21186,4,828,"Ipimax Gasolina Aditivada",Aditivado,5.46,6.825
35515,366,1,11354,4,39.7,249.61,21179,4,827,"Ipimax Gasolina Aditivada",Aditivado,5.46,6.825
35515,366,1,11354,4,39.7,249.61,21172,4,826,"Ipimax Gasolina Aditivada",Aditivado,5.46,6.825
35515,366,1,11354,4,39.7,249.61,21165,4,825,"Ipimax Gasolina Aditivada",Aditivado,5.46,6.825
35515,366,1,11354,4,39.7,249.61,21158,4,824,"Ipimax Gasolina Aditivada",Aditivado,5.46,6.825
35515,366,1,11354,4,39.7,249.61,21151,4,823,"Ipimax Gasolina Aditivada",Aditivado,5.46,6.825
35515,366,1,11354,4,39.7,249.61,21144,4,822,"Ipimax Gasolina Aditivada",Aditivado,5.46,6.825
35515,366,1,11354,4,39.7,249.61,21137,4,821,"Ipimax Gasolina Aditivada",Aditivado,5.46,6.825
35515,366,1,11354,4,39.7,249.61,21130,4,820,"Ipimax Gasolina Aditivada",Aditivado,5.2,6.5
35515,366,1,11354,4,39.7,249.61,21123,4,819,"Ipimax Gasolina Aditivada",Aditivado,5.2,6.5
35515,366,1,11354,4,39.7,249.61,21116,4,818,"Ipimax Gasolina Aditivada",Aditivado,5.2,6.5
35515,366,1,11354,4,39.7,249.61,21109,4,817,"Ipimax Gasolina Aditivada",Aditivado,5.2,6.5
35515,366,1,11354,4,39.7,249.61,21102,4,816,"Ipimax Gasolina Aditivada",Aditivado,5.2,6.5
35515,366,1,11354,4,39.7,249.61,21095,4,815,"Ipimax Gasolina Aditivada",Aditivado,5.2,6.5
35515,366,1,11354,4,39.7,249.61,21088,4,814,"Ipimax Gasolina Aditivada",Aditivado,5.2,6.5
35515,366,1,11354,4,39.7,249.61,21081,4,813,"Ipimax Gasolina Aditivada",Aditivado,5.2,6.5
35515,366,1,11354,4,39.7,249.61,21074,4,812,"Ipimax Gasolina Aditivada",Aditivado,5.2,6.5
35515,366,1,11354,4,39.7,249.61,21067,4,811,"Ipimax Gasolina Aditivada",Aditivado,5.2,6.5
35515,366,1,11354,4,39.7,249.61,21060,4,810,"Ipimax Gasolina Aditivada",Aditivado,5.2,6.5
35515,366,1,11354,4,39.7,249.61,21053,4,809,"Ipimax Gasolina Aditivada",Aditivado,5.2,6.5
35515,366,1,11354,4,39.7,249.61,21046,4,808,"Ipimax Gasolina Aditivada",Aditivado,5.2,6.5
35515,366,1,11354,4,39.7,249.61,21039,4,807,"Ipimax Gasolina Aditivada",Aditivado,5.2,6.5
35515,366,1,11354,4,39.7,249.61,21032,4,806,"Ipimax Gasolina Aditivada",Aditivado,5.2,6.5
35515,366,1,11354,4,39.7,249.61,21025,4,805,"Ipimax Gasolina Aditivada",Aditivado,5.2,6.5
35515,366,1,11354,4,39.7,249.61,21018,4,804,"Ipimax Gasolina Aditivada",Aditivado,5.2,6.5
35515,366,1,11354,4,39.7,249.61,21011,4,803,"Ipimax Gasolina Aditivada",Aditivado,5.2,6.5
35515,366,1,11354,4,39.7,249.61,21004,4,802,"Ipimax Gasolina Aditivada",Aditivado,5.2,6.5
35515,366,1,11354,4,39.7,249.61,20997,4,801,"Ipimax Gasolina Aditivada",Aditivado,5.2,6.5
35515,366,1,11354,4,39.7,249.61,20990,4,800,"Ipimax Gasolina Aditivada",Aditivado,5.2,6.5
35515,366,1,11354,4,39.7,249.61,20983,4,799,"Ipimax Gasolina Aditivada",Aditivado,5.2,6.5
35515,366,1,11354,4,39.7,249.61,20976,4,798,"Ipimax Gasolina Aditivada",Aditivado,5.2,6.5
35515,366,1,11354,4,39.7,249.61,20969,4,797,"Ipimax Gasolina Aditivada",Aditivado,5.2,6.5
35515,366,1,11354,4,39.7,249.61,20962,4,796,"Ipimax Gasolina Aditivada",Aditivado,5.2,6.5
35515,366,1,11354,4,39.7,249.61,20955,4,795,"Ipimax Gasolina Aditivada",Aditivado,5.2,6.5
35515,366,1,11354,4,39.7,249.61,20948,4,794,"Ipimax Gasolina Aditivada",Aditivado,5.2,6.5
35515,366,1,11354,4,39.7,249.61,20941,4,793,"Ipimax Gasolina Aditivada",Aditivado,5.2,6.5
35515,366,1,11354,4,39.7,249.61,20934,4,792,"Ipimax Gasolina Aditivada",Aditivado,5.2,6.5
35515,366,1,11354,4,39.7,249.61,20927,4,791,"Ipimax Gasolina Aditivada",Aditivado,5.2,6.5
35515,366,1,11354,4,39.7,249.61,20920,4,790,"Ipimax Gasolina Aditivada",Aditivado,5.2,6.5
35515,366,1,11354,4,39.7,249.61,20913,4,789,"Ipimax Gasolina Aditivada",Aditivado,5.2,6.5
35515,366,1,11354,4,39.7,249.61,20906,4,788,"Ipimax Gasolina Aditivada",Aditivado,5.2,6.5
35515,366,1,11354,4,39.7,249.61,20899,4,787,"Ipimax Gasolina Aditivada",Aditivado,5.2,6.5
35515,366,1,11354,4,39.7,249.61,20892,4,786,"Ipimax Gasolina Aditivada",Aditivado,5.2,6.5
35515,366,1,11354,4,39.7,249.61,20885,4,785,"Ipimax Gasolina Aditivada",Aditivado,5.2,6.5
35515,366,1,11354,4,39.7,249.61,20878,4,784,"Ipimax Gasolina Aditivada",Aditivado,5.2,6.5
35515,366,1,11354,4,39.7,249.61,20871,4,783,"Ipimax Gasolina Aditivada",Aditivado,5.2,6.5
35515,366,1,11354,4,39.7,249.61,20864,4,782,"Ipimax Gasolina Aditivada",Aditivado,5.2,6.5
35515,366,1,11354,4,39.7,249.61,20857,4,781,"Ipimax Gasolina Aditivada",Aditivado,5.2,6.5
35515,366,1,11354,4,39.7,249.61,20850,4,780,"Ipimax Gasolina Aditivada",Aditivado,5.2,6.5
35515,366,1,11354,4,39.7,249.61,20843,4,779,"Ipimax Gasolina Aditivada",Aditivado,5.2,6.5
35515,366,1,11354,4,39.7,249.61,20836,4,778,"Ipimax Gasolina Aditivada",Aditivado,5.2,6.5
35515,366,1,11354,4,39.7,249.61,20829,4,777,"Ipimax Gasolina Aditivada",Aditivado,5.2,6.5
35515,366,1,11354,4,39.7,249.61,20822,4,776,"Ipimax Gasolina Aditivada",Aditivado,5.2,6.5
35515,366,1,11354,4,39.7,249.61,20815,4,775,"Ipimax Gasolina Aditivada",Aditivado,5.2,6.5
35515,366,1,11354,4,39.7,249.61,20808,4,774,"Ipimax Gasolina Aditivada",Aditivado,5.2,6.5
35515,366,1,11354,4,39.7,249.61,20801,4,773,"Ipimax Gasolina Aditivada",Aditivado,5.2,6.5
35515,366,1,11354,4,39.7,249.61,20794,4,772,"Ipimax Gasolina Aditivada",Aditivado,5.2,6.5
35515,366,1,11354,4,39.7,249.61,20787,4,771,"Ipimax Gasolina Aditivada",Aditivado,5.2,6.5
35515,366,1,11354,4,39.7,249.61,20780,4,770,"Ipimax Gasolina Aditivada",Aditivado,5.2,6.5
35515,366,1,11354,4,39.7,249.61,20773,4,769,"Ipimax Gasolina Aditivada",Aditivado,5.2,6.5
35515,366,1,11354,4,39.7,249.61,20766,4,768,"Ipimax Gasolina Aditivada",Aditivado,5.2,6.5
35515,366,1,11354,4,39.7,249.61,20759,4,767,"Ipimax Gasolina Aditivada",Aditivado,5.2,6.5
35515,366,1,11354,4,39.7,249.61,20752,4,766,"Ipimax Gasolina Aditivada",Aditivado,5.2,6.5
35515,366,1,11354,4,39.7,249.61,20745,4,765,"Ipimax Gasolina Aditivada",Aditivado,5.2,6.5
35515,366,1,11354,4,39.7,249.61,20738,4,764,"Ipimax Gasolina Aditivada",Aditivado,5.2,6.5
35515,366,1,11354,4,39.7,249.61,20731,4,763,"Ipimax Gasolina Aditivada",Aditivado,5.2,6.5
35515,366,1,11354,4,39.7,249.61,20724,4,762,"Ipimax Gasolina Aditivada",Aditivado,5.2,6.5
35515,366,1,11354,4,39.7,249.61,20717,4,761,"Ipimax Gasolina Aditivada",Aditivado,5.2,6.5
35515,366,1,11354,4,39.7,249.61,20710,4,760,"Ipimax Gasolina Aditivada",Aditivado,5.2,6.5
35515,366,1,11354,4,39.7,249.61,20703,4,759,"Ipimax Gasolina Aditivada",Aditivado,5.2,6.5
35515,366,1,11354,4,39.7,249.61,20696,4,758,"Ipimax Gasolina Aditivada",Aditivado,5.2,6.5
35515,366,1,11354,4,39.7,249.61,20689,4,757,"Ipimax Gasolina Aditivada",Aditivado,5.2,6.5
35515,366,1,11354,4,39.7,249.61,20682,4,756,"Ipimax Gasolina Aditivada",Aditivado,5.2,6.5
35515,366,1,11354,4,39.7,249.61,20675,4,755,"Ipimax Gasolina Aditivada",Aditivado,5.2,6.5
35515,366,1,11354,4,39.7,249.61,20668,4,754,"Ipimax Gasolina Aditivada",Aditivado,5.2,6.5
35515,366,1,11354,4,39.7,249.61,20661,4,753,"Ipimax Gasolina Aditivada",Aditivado,5.2,6.5
35515,366,1,11354,4,39.7,249.61,20654,4,752,"Ipimax Gasolina Aditivada",Aditivado,5.2,6.5
35515,366,1,11354,4,39.7,249.61,20647,4,751,"Ipimax Gasolina Aditivada",Aditivado,5.2,6.5
35515,366,1,11354,4,39.7,249.61,20640,4,750,"Ipimax Gasolina Aditivada",Aditivado,5.2,6.5
35515,366,1,11354,4,39.7,249.61,20633,4,749,"Ipimax Gasolina Aditivada",Aditivado,5.2,6.5
35515,366,1,11354,4,39.7,249.61,20626,4,748,"Ipimax Gasolina Aditivada",Aditivado,5.2,6.5
35515,366,1,11354,4,39.7,249.61,20619,4,747,"Ipimax Gasolina Aditivada",Aditivado,5.2,6.5
35515,366,1,11354,4,39.7,249.61,20612,4,746,"Ipimax Gasolina Aditivada",Aditivado,5.2,6.5
35515,366,1,11354,4,39.7,249.61,20605,4,745,"Ipimax Gasolina Aditivada",Aditivado,5.2,6.5
35515,366,1,11354,4,39.7,249.61,20598,4,744,"Ipimax Gasolina Aditivada",Aditivado,5.2,6.5
35515,366,1,11354,4,39.7,249.61,20591,4,743,"Ipimax Gasolina Aditivada",Aditivado,5.2,6.5
35515,366,1,11354,4,39.7,249.61,20584,4,742,"Ipimax Gasolina Aditivada",Aditivado,5.2,6.5
35515,366,1,11354,4,39.7,249.61,20577,4,741,"Ipimax Gasolina Aditivada",Aditivado,5.2,6.5
35515,366,1,11354,4,39.7,249.61,20570,4,740,"Ipimax Gasolina Aditivada",Aditivado,5.2,6.5
35515,366,1,11354,4,39.7,249.61,20563,4,739,"Ipimax Gasolina Aditivada",Aditivado,5.2,6.5
35515,366,1,11354,4,39.7,249.61,20556,4,738,"Ipimax Gasolina Aditivada",Aditivado,5.2,6.5
35515,366,1,11354,4,39.7,249.61,20549,4,737,"Ipimax Gasolina Aditivada",Aditivado,5.2,6.5
35515,366,1,11354,4,39.7,249.61,20542,4,736,"Ipimax Gasolina Aditivada",Aditivado,5.2,6.5
35515,366,1,11354,4,39.7,249.61,20535,4,735,"Ipimax Gasolina Aditivada",Aditivado,5.2,6.5
35515,366,1,11354,4,39.7,249.61,20528,4,734,"Ipimax Gasolina Aditivada",Aditivado,5.2,6.5
35515,366,1,11354,4,39.7,249.61,20521,4,733,"Ipimax Gasolina Aditivada",Aditivado,5.2,6.5
35515,366,1,11354,4,39.7,249.61,20514,4,732,"Ipimax Gasolina Aditivada",Aditivado,5.2,6.5
35515,366,1,11354,4,39.7,249.61,20507,4,731,"Ipimax Gasolina Aditivada",Aditivado,5.2,6.5
35515,366,1,11354,4,39.7,249.61,20500,4,730,"Ipimax Gasolina Aditivada",Aditivado,5.25,6.5625
35515,366,1,11354,4,39.7,249.61,20493,4,729,"Ipimax Gasolina Aditivada",Aditivado,5.25,6.5625
35515,366,1,11354,4,39.7,249.61,20486,4,728,"Ipimax Gasolina Aditivada",Aditivado,5.25,6.5625
35515,366,1,11354,4,39.7,249.61,20479,4,727,"Ipimax Gasolina Aditivada",Aditivado,5.25,6.5625
35515,366,1,11354,4,39.7,249.61,20472,4,726,"Ipimax Gasolina Aditivada",Aditivado,5.25,6.5625
35515,366,1,11354,4,39.7,249.61,20465,4,725,"Ipimax Gasolina Aditivada",Aditivado,5.25,6.5625
35515,366,1,11354,4,39.7,249.61,20458,4,724,"Ipimax Gasolina Aditivada",Aditivado,5.25,6.5625
35515,366,1,11354,4,39.7,249.61,20451,4,723,"Ipimax Gasolina Aditivada",Aditivado,5.25,6.5625
35515,366,1,11354,4,39.7,249.61,20444,4,722,"Ipimax Gasolina Aditivada",Aditivado,5.25,6.5625
35515,366,1,11354,4,39.7,249.61,20437,4,721,"Ipimax Gasolina Aditivada",Aditivado,5.25,6.5625
35515,366,1,11354,4,39.7,249.61,20430,4,720,"Ipimax Gasolina Aditivada",Aditivado,5.25,6.5625
35515,366,1,11354,4,39.7,249.61,20423,4,719,"Ipimax Gasolina Aditivada",Aditivado,5.25,6.5625
35515,366,1,11354,4,39.7,249.61,20416,4,718,"Ipimax Gasolina Aditivada",Aditivado,5.25,6.5625
35515,366,1,11354,4,39.7,249.61,20409,4,717,"Ipimax Gasolina Aditivada",Aditivado,5.25,6.5625
35515,366,1,11354,4,39.7,249.61,20402,4,716,"Ipimax Gasolina Aditivada",Aditivado,5.25,6.5625
35515,366,1,11354,4,39.7,249.61,20395,4,715,"Ipimax Gasolina Aditivada",Aditivado,5.25,6.5625
35515,366,1,11354,4,39.7,249.61,20388,4,714,"Ipimax Gasolina Aditivada",Aditivado,5.25,6.5625
35515,366,1,11354,4,39.7,249.61,20381,4,713,"Ipimax Gasolina Aditivada",Aditivado,5.25,6.5625
35515,366,1,11354,4,39.7,249.61,20374,4,712,"Ipimax Gasolina Aditivada",Aditivado,5.25,6.5625
35515,366,1,11354,4,39.7,249.61,20367,4,711,"Ipimax Gasolina Aditivada",Aditivado,5.25,6.5625
35515,366,1,11354,4,39.7,249.61,20360,4,710,"Ipimax Gasolina Aditivada",Aditivado,5.25,6.5625
35515,366,1,11354,4,39.7,249.61,20353,4,709,"Ipimax Gasolina Aditivada",Aditivado,5.25,6.5625
35515,366,1,11354,4,39.7,249.61,20346,4,708,"Ipimax Gasolina Aditivada",Aditivado,5.25,6.5625
35515,366,1,11354,4,39.7,249.61,20339,4,707,"Ipimax Gasolina Aditivada",Aditivado,5.25,6.5625
35515,366,1,11354,4,39.7,249.61,20332,4,706,"Ipimax Gasolina Aditivada",Aditivado,5.25,6.5625
35515,366,1,11354,4,39.7,249.61,20325,4,705,"Ipimax Gasolina Aditivada",Aditivado,5.25,6.5625
35515,366,1,11354,4,39.7,249.61,20318,4,704,"Ipimax Gasolina Aditivada",Aditivado,5.25,6.5625
35515,366,1,11354,4,39.7,249.61,20311,4,703,"Ipimax Gasolina Aditivada",Aditivado,5.25,6.5625
35515,366,1,11354,4,39.7,249.61,20304,4,702,"Ipimax Gasolina Aditivada",Aditivado,5.25,6.5625
35515,366,1,11354,4,39.7,249.61,20297,4,701,"Ipimax Gasolina Aditivada",Aditivado,5.25,6.5625
35515,366,1,11354,4,39.7,249.61,20290,4,700,"Ipimax Gasolina Aditivada",Aditivado,5.25,6.5625
35515,366,1,11354,4,39.7,249.61,20283,4,699,"Ipimax Gasolina Aditivada",Aditivado,5.25,6.5625
35515,366,1,11354,4,39.7,249.61,20276,4,698,"Ipimax Gasolina Aditivada",Aditivado,5.25,6.5625
35515,366,1,11354,4,39.7,249.61,20269,4,697,"Ipimax Gasolina Aditivada",Aditivado,5.25,6.5625
35515,366,1,11354,4,39.7,249.61,20262,4,696,"Ipimax Gasolina Aditivada",Aditivado,5.25,6.5625
35515,366,1,11354,4,39.7,249.61,20255,4,695,"Ipimax Gasolina Aditivada",Aditivado,5.25,6.5625
35515,366,1,11354,4,39.7,249.61,20248,4,694,"Ipimax Gasolina Aditivada",Aditivado,5.25,6.5625
35515,366,1,11354,4,39.7,249.61,20241,4,693,"Ipimax Gasolina Aditivada",Aditivado,5.25,6.5625
35515,366,1,11354,4,39.7,249.61,20234,4,692,"Ipimax Gasolina Aditivada",Aditivado,5.25,6.5625
35515,366,1,11354,4,39.7,249.61,20227,4,691,"Ipimax Gasolina Aditivada",Aditivado,5.25,6.5625
35515,366,1,11354,4,39.7,249.61,20220,4,690,"Ipimax Gasolina Aditivada",Aditivado,5.25,6.5625
35515,366,1,11354,4,39.7,249.61,20213,4,689,"Ipimax Gasolina Aditivada",Aditivado,5.25,6.5625
35515,366,1,11354,4,39.7,249.61,20206,4,688,"Ipimax Gasolina Aditivada",Aditivado,5.25,6.5625
35515,366,1,11354,4,39.7,249.61,20199,4,687,"Ipimax Gasolina Aditivada",Aditivado,5.25,6.5625
35515,366,1,11354,4,39.7,249.61,20192,4,686,"Ipimax Gasolina Aditivada",Aditivado,5.25,6.5625
35515,366,1,11354,4,39.7,249.61,20185,4,685,"Ipimax Gasolina Aditivada",Aditivado,5.25,6.5625
35515,366,1,11354,4,39.7,249.61,20178,4,684,"Ipimax Gasolina Aditivada",Aditivado,5.25,6.5625
35515,366,1,11354,4,39.7,249.61,20171,4,683,"Ipimax Gasolina Aditivada",Aditivado,5.25,6.5625
35515,366,1,11354,4,39.7,249.61,20164,4,682,"Ipimax Gasolina Aditivada",Aditivado,5.25,6.5625
35515,366,1,11354,4,39.7,249.61,20157,4,681,"Ipimax Gasolina Aditivada",Aditivado,5.25,6.5625
35515,366,1,11354,4,39.7,249.61,20150,4,680,"Ipimax Gasolina Aditivada",Aditivado,5.25,6.5625
35515,366,1,11354,4,39.7,249.61,20143,4,679,"Ipimax Gasolina Aditivada",Aditivado,5.25,6.5625
35515,366,1,11354,4,39.7,249.61,20136,4,678,"Ipimax Gasolina Aditivada",Aditivado,5.25,6.5625
35515,366,1,11354,4,39.7,249.61,20129,4,677,"Ipimax Gasolina Aditivada",Aditivado,5.25,6.5625
35515,366,1,11354,4,39.7,249.61,20122,4,676,"Ipimax Gasolina Aditivada",Aditivado,5.25,6.5625
35515,366,1,11354,4,39.7,249.61,20115,4,675,"Ipimax Gasolina Aditivada",Aditivado,5.25,6.5625
35515,366,1,11354,4,39.7,249.61,20108,4,674,"Ipimax Gasolina Aditivada",Aditivado,5.25,6.5625
35515,366,1,11354,4,39.7,249.61,20101,4,673,"Ipimax Gasolina Aditivada",Aditivado,5.25,6.5625
35515,366,1,11354,4,39.7,249.61,20094,4,672,"Ipimax Gasolina Aditivada",Aditivado,5.25,6.5625
35515,366,1,11354,4,39.7,249.61,20087,4,671,"Ipimax Gasolina Aditivada",Aditivado,5.25,6.5625
35515,366,1,11354,4,39.7,249.61,20080,4,670,"Ipimax Gasolina Aditivada",Aditivado,5.25,6.5625
35515,366,1,11354,4,39.7,249.61,20073,4,669,"Ipimax Gasolina Aditivada",Aditivado,5.25,6.5625
35515,366,1,11354,4,39.7,249.61,20066,4,668,"Ipimax Gasolina Aditivada",Aditivado,5.25,6.5625
35515,366,1,11354,4,39.7,249.61,20059,4,667,"Ipimax Gasolina Aditivada",Aditivado,5.25,6.5625
35515,366,1,11354,4,39.7,249.61,20052,4,666,"Ipimax Gasolina Aditivada",Aditivado,5.25,6.5625
35515,366,1,11354,4,39.7,249.61,20045,4,665,"Ipimax Gasolina Aditivada",Aditivado,5.25,6.5625
35515,366,1,11354,4,39.7,249.61,20038,4,664,"Ipimax Gasolina Aditivada",Aditivado,5.25,6.5625
35515,366,1,11354,4,39.7,249.61,20031,4,663,"Ipimax Gasolina Aditivada",Aditivado,5.25,6.5625
35515,366,1,11354,4,39.7,249.61,20024,4,662,"Ipimax Gasolina Aditivada",Aditivado,5.25,6.5625
35515,366,1,11354,4,39.7,249.61,20017,4,661,"Ipimax Gasolina Aditivada",Aditivado,5.25,6.5625
35515,366,1,11354,4,39.7,249.61,20010,4,660,"Ipimax Gasolina Aditivada",Aditivado,5.25,6.5625
35515,366,1,11354,4,39.7,249.61,20003,4,659,"Ipimax Gasolina Aditivada",Aditivado,5.25,6.5625
35515,366,1,11354,4,39.7,249.61,19996,4,658,"Ipimax Gasolina Aditivada",Aditivado,5.25,6.5625
35515,366,1,11354,4,39.7,249.61,19989,4,657,"Ipimax Gasolina Aditivada",Aditivado,5.25,6.5625
35515,366,1,11354,4,39.7,249.61,19982,4,656,"Ipimax Gasolina Aditivada",Aditivado,5.25,6.5625
35515,366,1,11354,4,39.7,249.61,19975,4,655,"Ipimax Gasolina Aditivada",Aditivado,5.25,6.5625
35515,366,1,11354,4,39.7,249.61,19968,4,654,"Ipimax Gasolina Aditivada",Aditivado,5.25,6.5625
35515,366,1,11354,4,39.7,249.61,19961,4,653,"Ipimax Gasolina Aditivada",Aditivado,5.25,6.5625
35515,366,1,11354,4,39.7,249.61,19954,4,652,"Ipimax Gasolina Aditivada",Aditivado,5.25,6.5625
35515,366,1,11354,4,39.7,249.61,19947,4,651,"Ipimax Gasolina Aditivada",Aditivado,5.25,6.5625
35515,366,1,11354,4,39.7,249.61,19940,4,650,"Ipimax Gasolina Aditivada",Aditivado,5.25,6.5625
35515,366,1,11354,4,39.7,249.61,19933,4,649,"Ipimax Gasolina Aditivada",Aditivado,5.25,6.5625
35515,366,1,11354,4,39.7,249.61,19926,4,648,"Ipimax Gasolina Aditivada",Aditivado,5.25,6.5625
35515,366,1,11354,4,39.7,249.61,19919,4,647,"Ipimax Gasolina Aditivada",Aditivado,5.25,6.5625
35515,366,1,11354,4,39.7,249.61,19912,4,646,"Ipimax Gasolina Aditivada",Aditivado,5.25,6.5625
35515,366,1,11354,4,39.7,249.61,19905,4,645,"Ipimax Gasolina Aditivada",Aditivado,5.25,6.5625
35515,366,1,11354,4,39.7,249.61,19898,4,644,"Ipimax Gasolina Aditivada",Aditivado,5.25,6.5625
35515,366,1,11354,4,39.7,249.61,19891,4,643,"Ipimax Gasolina Aditivada",Aditivado,5.25,6.5625
35515,366,1,11354,4,39.7,249.61,19884,4,642,"Ipimax Gasolina Aditivada",Aditivado,5.25,6.5625
35515,366,1,11354,4,39.7,249.61,19877,4,641,"Ipimax Gasolina Aditivada",Aditivado,5.25,6.5625
35515,366,1,11354,4,39.7,249.61,19870,4,640,"Ipimax Gasolina Aditivada",Aditivado,5.25,6.5625
35515,366,1,11354,4,39.7,249.61,19863,4,639,"Ipimax Gasolina Aditivada",Aditivado,5.25,6.5625
35515,366,1,11354,4,39.7,249.61,19856,4,638,"Ipimax Gasolina Aditivada",Aditivado,5.01,6.2625
35515,366,1,11354,4,39.7,249.61,19849,4,637,"Ipimax Gasolina Aditivada",Aditivado,5.01,6.2625
35515,366,1,11354,4,39.7,249.61,19842,4,636,"Ipimax Gasolina Aditivada",Aditivado,5.01,6.2625
35515,366,1,11354,4,39.7,249.61,19835,4,635,"Ipimax Gasolina Aditivada",Aditivado,5.01,6.2625
35515,366,1,11354,4,39.7,249.61,19828,4,634,"Ipimax Gasolina Aditivada",Aditivado,5.01,6.2625
35515,366,1,11354,4,39.7,249.61,19821,4,633,"Ipimax Gasolina Aditivada",Aditivado,5.01,6.2625
35515,366,1,11354,4,39.7,249.61,19814,4,632,"Ipimax Gasolina Aditivada",Aditivado,5.01,6.2625
35515,366,1,11354,4,39.7,249.61,19807,4,631,"Ipimax Gasolina Aditivada",Aditivado,5.01,6.2625
35515,366,1,11354,4,39.7,249.61,19800,4,630,"Ipimax Gasolina Aditivada",Aditivado,5.01,6.2625
35515,366,1,11354,4,39.7,249.61,19793,4,629,"Ipimax Gasolina Aditivada",Aditivado,5.01,6.2625
35515,366,1,11354,4,39.7,249.61,19786,4,628,"Ipimax Gasolina Aditivada",Aditivado,5.01,6.2625
35515,366,1,11354,4,39.7,249.61,19779,4,627,"Ipimax Gasolina Aditivada",Aditivado,5.01,6.2625
35515,366,1,11354,4,39.7,249.61,19772,4,626,"Ipimax Gasolina Aditivada",Aditivado,5.01,6.2625
35515,366,1,11354,4,39.7,249.61,19765,4,625,"Ipimax Gasolina Aditivada",Aditivado,5.01,6.2625
35515,366,1,11354,4,39.7,249.61,19758,4,624,"Ipimax Gasolina Aditivada",Aditivado,5.01,6.2625
35515,366,1,11354,4,39.7,249.61,19751,4,623,"Ipimax Gasolina Aditivada",Aditivado,5.01,6.2625
35515,366,1,11354,4,39.7,249.61,19744,4,622,"Ipimax Gasolina Aditivada",Aditivado,5.01,6.2625
35515,366,1,11354,4,39.7,249.61,19737,4,621,"Ipimax Gasolina Aditivada",Aditivado,5.01,6.2625
35515,366,1,11354,4,39.7,249.61,19730,4,620,"Ipimax Gasolina Aditivada",Aditivado,5.01,6.2625
35515,366,1,11354,4,39.7,249.61,19723,4,619,"Ipimax Gasolina Aditivada",Aditivado,5.01,6.2625
35515,366,1,11354,4,39.7,249.61,19716,4,618,"Ipimax Gasolina Aditivada",Aditivado,5.01,6.2625
35515,366,1,11354,4,39.7,249.61,19709,4,617,"Ipimax Gasolina Aditivada",Aditivado,5.01,6.2625
35515,366,1,11354,4,39.7,249.61,19702,4,616,"Ipimax Gasolina Aditivada",Aditivado,5.01,6.2625
35515,366,1,11354,4,39.7,249.61,19695,4,615,"Ipimax Gasolina Aditivada",Aditivado,5.01,6.2625
35515,366,1,11354,4,39.7,249.61,19688,4,614,"Ipimax Gasolina Aditivada",Aditivado,5.01,6.2625
35515,366,1,11354,4,39.7,249.61,19681,4,613,"Ipimax Gasolina Aditivada",Aditivado,5.01,6.2625
35515,366,1,11354,4,39.7,249.61,19674,4,612,"Ipimax Gasolina Aditivada",Aditivado,5.01,6.2625
35515,366,1,11354,4,39.7,249.61,19667,4,611,"Ipimax Gasolina Aditivada",Aditivado,5.01,6.2625
35515,366,1,11354,4,39.7,249.61,19660,4,610,"Ipimax Gasolina Aditivada",Aditivado,5.01,6.2625
35515,366,1,11354,4,39.7,249.61,19653,4,609,"Ipimax Gasolina Aditivada",Aditivado,5.01,6.2625
35515,366,1,11354,4,39.7,249.61,19646,4,608,"Ipimax Gasolina Aditivada",Aditivado,5.01,6.2625
35515,366,1,11354,4,39.7,249.61,19639,4,607,"Ipimax Gasolina Aditivada",Aditivado,5.01,6.2625
35515,366,1,11354,4,39.7,249.61,19632,4,606,"Ipimax Gasolina Aditivada",Aditivado,5.01,6.2625
35515,366,1,11354,4,39.7,249.61,19625,4,605,"Ipimax Gasolina Aditivada",Aditivado,5.01,6.2625
35515,366,1,11354,4,39.7,249.61,19618,4,604,"Ipimax Gasolina Aditivada",Aditivado,5.01,6.2625
35515,366,1,11354,4,39.7,249.61,19611,4,603,"Ipimax Gasolina Aditivada",Aditivado,5.01,6.2625
35515,366,1,11354,4,39.7,249.61,19604,4,602,"Ipimax Gasolina Aditivada",Aditivado,5.01,6.2625
35515,366,1,11354,4,39.7,249.61,19597,4,601,"Ipimax Gasolina Aditivada",Aditivado,5.01,6.2625
35515,366,1,11354,4,39.7,249.61,19590,4,600,"Ipimax Gasolina Aditivada",Aditivado,5.01,6.2625
35515,366,1,11354,4,39.7,249.61,19583,4,599,"Ipimax Gasolina Aditivada",Aditivado,5.01,6.2625
35515,366,1,11354,4,39.7,249.61,19576,4,598,"Ipimax Gasolina Aditivada",Aditivado,5.01,6.2625
35515,366,1,11354,4,39.7,249.61,19569,4,597,"Ipimax Gasolina Aditivada",Aditivado,5.01,6.2625
35515,366,1,11354,4,39.7,249.61,19562,4,596,"Ipimax Gasolina Aditivada",Aditivado,5.01,6.2625
35515,366,1,11354,4,39.7,249.61,19555,4,595,"Ipimax Gasolina Aditivada",Aditivado,5.01,6.2625
35515,366,1,11354,4,39.7,249.61,19548,4,594,"Ipimax Gasolina Aditivada",Aditivado,5.01,6.2625
35515,366,1,11354,4,39.7,249.61,19541,4,593,"Ipimax Gasolina Aditivada",Aditivado,5.01,6.2625
35515,366,1,11354,4,39.7,249.61,19534,4,592,"Ipimax Gasolina Aditivada",Aditivado,5.01,6.2625
35515,366,1,11354,4,39.7,249.61,19527,4,591,"Ipimax Gasolina Aditivada",Aditivado,5.01,6.2625
35515,366,1,11354,4,39.7,249.61,19520,4,590,"Ipimax Gasolina Aditivada",Aditivado,5.01,6.2625
35515,366,1,11354,4,39.7,249.61,19513,4,589,"Ipimax Gasolina Aditivada",Aditivado,5.01,6.2625
35515,366,1,11354,4,39.7,249.61,19506,4,588,"Ipimax Gasolina Aditivada",Aditivado,5.01,6.2625
35515,366,1,11354,4,39.7,249.61,19499,4,587,"Ipimax Gasolina Aditivada",Aditivado,5.01,6.2625
35515,366,1,11354,4,39.7,249.61,19492,4,586,"Ipimax Gasolina Aditivada",Aditivado,5.01,6.2625
35515,366,1,11354,4,39.7,249.61,19485,4,585,"Ipimax Gasolina Aditivada",Aditivado,5.01,6.2625
35515,366,1,11354,4,39.7,249.61,19478,4,584,"Ipimax Gasolina Aditivada",Aditivado,5.01,6.2625
35515,366,1,11354,4,39.7,249.61,19471,4,583,"Ipimax Gasolina Aditivada",Aditivado,5.01,6.2625
35515,366,1,11354,4,39.7,249.61,19464,4,582,"Ipimax Gasolina Aditivada",Aditivado,5.01,6.2625
35515,366,1,11354,4,39.7,249.61,19457,4,581,"Ipimax Gasolina Aditivada",Aditivado,5.01,6.2625
35515,366,1,11354,4,39.7,249.61,19450,4,580,"Ipimax Gasolina Aditivada",Aditivado,5.01,6.2625
35515,366,1,11354,4,39.7,249.61,19443,4,579,"Ipimax Gasolina Aditivada",Aditivado,5.01,6.2625
35515,366,1,11354,4,39.7,249.61,19436,4,578,"Ipimax Gasolina Aditivada",Aditivado,5.01,6.2625
35515,366,1,11354,4,39.7,249.61,19429,4,577,"Ipimax Gasolina Aditivada",Aditivado,5.01,6.2625
35515,366,1,11354,4,39.7,249.61,19422,4,576,"Ipimax Gasolina Aditivada",Aditivado,5.01,6.2625
35515,366,1,11354,4,39.7,249.61,19415,4,575,"Ipimax Gasolina Aditivada",Aditivado,5.01,6.2625
35515,366,1,11354,4,39.7,249.61,19408,4,574,"Ipimax Gasolina Aditivada",Aditivado,5.01,6.2625
35515,366,1,11354,4,39.7,249.61,19401,4,573,"Ipimax Gasolina Aditivada",Aditivado,5.01,6.2625
35515,366,1,11354,4,39.7,249.61,19394,4,572,"Ipimax Gasolina Aditivada",Aditivado,5.01,6.2625
35515,366,1,11354,4,39.7,249.61,19387,4,571,"Ipimax Gasolina Aditivada",Aditivado,5.01,6.2625
35515,366,1,11354,4,39.7,249.61,19380,4,570,"Ipimax Gasolina Aditivada",Aditivado,5.01,6.2625
35515,366,1,11354,4,39.7,249.61,19373,4,569,"Ipimax Gasolina Aditivada",Aditivado,5.01,6.2625
35515,366,1,11354,4,39.7,249.61,19366,4,568,"Ipimax Gasolina Aditivada",Aditivado,5.01,6.2625
35515,366,1,11354,4,39.7,249.61,19359,4,567,"Ipimax Gasolina Aditivada",Aditivado,5.01,6.2625
35515,366,1,11354,4,39.7,249.61,19352,4,566,"Ipimax Gasolina Aditivada",Aditivado,5.01,6.2625
35515,366,1,11354,4,39.7,249.61,19345,4,565,"Ipimax Gasolina Aditivada",Aditivado,5.01,6.2625
35515,366,1,11354,4,39.7,249.61,19338,4,564,"Ipimax Gasolina Aditivada",Aditivado,5.01,6.2625
35515,366,1,11354,4,39.7,249.61,19331,4,563,"Ipimax Gasolina Aditivada",Aditivado,5.01,6.2625
35515,366,1,11354,4,39.7,249.61,19324,4,562,"Ipimax Gasolina Aditivada",Aditivado,5.01,6.2625
35515,366,1,11354,4,39.7,249.61,19317,4,561,"Ipimax Gasolina Aditivada",Aditivado,5.01,6.2625
35515,366,1,11354,4,39.7,249.61,19310,4,560,"Ipimax Gasolina Aditivada",Aditivado,5.01,6.2625
35515,366,1,11354,4,39.7,249.61,19303,4,559,"Ipimax Gasolina Aditivada",Aditivado,5.01,6.2625
35515,366,1,11354,4,39.7,249.61,19296,4,558,"Ipimax Gasolina Aditivada",Aditivado,5.01,6.2625
35515,366,1,11354,4,39.7,249.61,19289,4,557,"Ipimax Gasolina Aditivada",Aditivado,5.01,6.2625
35515,366,1,11354,4,39.7,249.61,19282,4,556,"Ipimax Gasolina Aditivada",Aditivado,5.01,6.2625
35515,366,1,11354,4,39.7,249.61,19275,4,555,"Ipimax Gasolina Aditivada",Aditivado,5.01,6.2625
35515,366,1,11354,4,39.7,249.61,19268,4,554,"Ipimax Gasolina Aditivada",Aditivado,5.01,6.2625
35515,366,1,11354,4,39.7,249.61,19261,4,553,"Ipimax Gasolina Aditivada",Aditivado,5.01,6.2625
35515,366,1,11354,4,39.7,249.61,19254,4,552,"Ipimax Gasolina Aditivada",Aditivado,5.01,6.2625
35515,366,1,11354,4,39.7,249.61,19247,4,551,"Ipimax Gasolina Aditivada",Aditivado,5.01,6.2625
35515,366,1,11354,4,39.7,249.61,19240,4,550,"Ipimax Gasolina Aditivada",Aditivado,5.01,6.2625
35515,366,1,11354,4,39.7,249.61,19233,4,549,"Ipimax Gasolina Aditivada",Aditivado,5.01,6.2625
35515,366,1,11354,4,39.7,249.61,19226,4,548,"Ipimax Gasolina Aditivada",Aditivado,5.01,6.2625
35515,366,1,11354,4,39.7,249.61,19219,4,547,"Ipimax Gasolina Aditivada",Aditivado,5.01,6.2625
35515,366,1,11354,4,39.7,249.61,19212,4,546,"Ipimax Gasolina Aditivada",Aditivado,5.06,6.325
35515,366,1,11354,4,39.7,249.61,19205,4,545,"Ipimax Gasolina Aditivada",Aditivado,5.06,6.325
35515,366,1,11354,4,39.7,249.61,19198,4,544,"Ipimax Gasolina Aditivada",Aditivado,5.06,6.325
35515,366,1,11354,4,39.7,249.61,19191,4,543,"Ipimax Gasolina Aditivada",Aditivado,5.06,6.325
35515,366,1,11354,4,39.7,249.61,19184,4,542,"Ipimax Gasolina Aditivada",Aditivado,5.06,6.325
35515,366,1,11354,4,39.7,249.61,19177,4,541,"Ipimax Gasolina Aditivada",Aditivado,5.06,6.325
35515,366,1,11354,4,39.7,249.61,19170,4,540,"Ipimax Gasolina Aditivada",Aditivado,5.06,6.325
35515,366,1,11354,4,39.7,249.61,19163,4,539,"Ipimax Gasolina Aditivada",Aditivado,5.06,6.325
35515,366,1,11354,4,39.7,249.61,19156,4,538,"Ipimax Gasolina Aditivada",Aditivado,5.06,6.325
35515,366,1,11354,4,39.7,249.61,19149,4,537,"Ipimax Gasolina Aditivada",Aditivado,5.06,6.325
35515,366,1,11354,4,39.7,249.61,19142,4,536,"Ipimax Gasolina Aditivada",Aditivado,5.06,6.325
35515,366,1,11354,4,39.7,249.61,19135,4,535,"Ipimax Gasolina Aditivada",Aditivado,5.06,6.325
35515,366,1,11354,4,39.7,249.61,19128,4,534,"Ipimax Gasolina Aditivada",Aditivado,5.06,6.325
35515,366,1,11354,4,39.7,249.61,19121,4,533,"Ipimax Gasolina Aditivada",Aditivado,5.06,6.325
35515,366,1,11354,4,39.7,249.61,19114,4,532,"Ipimax Gasolina Aditivada",Aditivado,5.06,6.325
35515,366,1,11354,4,39.7,249.61,19107,4,531,"Ipimax Gasolina Aditivada",Aditivado,5.06,6.325
35515,366,1,11354,4,39.7,249.61,19100,4,530,"Ipimax Gasolina Aditivada",Aditivado,5.06,6.325
35515,366,1,11354,4,39.7,249.61,19093,4,529,"Ipimax Gasolina Aditivada",Aditivado,5.06,6.325
35515,366,1,11354,4,39.7,249.61,19086,4,528,"Ipimax Gasolina Aditivada",Aditivado,5.06,6.325
35515,366,1,11354,4,39.7,249.61,19079,4,527,"Ipimax Gasolina Aditivada",Aditivado,5.06,6.325
35515,366,1,11354,4,39.7,249.61,19072,4,526,"Ipimax Gasolina Aditivada",Aditivado,5.06,6.325
35515,366,1,11354,4,39.7,249.61,19065,4,525,"Ipimax Gasolina Aditivada",Aditivado,5.06,6.325
35515,366,1,11354,4,39.7,249.61,19058,4,524,"Ipimax Gasolina Aditivada",Aditivado,5.06,6.325
35515,366,1,11354,4,39.7,249.61,19051,4,523,"Ipimax Gasolina Aditivada",Aditivado,5.06,6.325
35515,366,1,11354,4,39.7,249.61,19044,4,522,"Ipimax Gasolina Aditivada",Aditivado,5.06,6.325
35515,366,1,11354,4,39.7,249.61,19037,4,521,"Ipimax Gasolina Aditivada",Aditivado,5.06,6.325
35515,366,1,11354,4,39.7,249.61,19030,4,520,"Ipimax Gasolina Aditivada",Aditivado,5.06,6.325
35515,366,1,11354,4,39.7,249.61,19023,4,519,"Ipimax Gasolina Aditivada",Aditivado,5.06,6.325
35515,366,1,11354,4,39.7,249.61,19016,4,518,"Ipimax Gasolina Aditivada",Aditivado,5.06,6.325
35515,366,1,11354,4,39.7,249.61,19009,4,517,"Ipimax Gasolina Aditivada",Aditivado,5.06,6.325
35515,366,1,11354,4,39.7,249.61,19002,4,516,"Ipimax Gasolina Aditivada",Aditivado,5.06,6.325
35515,366,1,11354,4,39.7,249.61,18995,4,515,"Ipimax Gasolina Aditivada",Aditivado,5.06,6.325
35515,366,1,11354,4,39.7,249.61,18988,4,514,"Ipimax Gasolina Aditivada",Aditivado,5.06,6.325
35515,366,1,11354,4,39.7,249.61,18981,4,513,"Ipimax Gasolina Aditivada",Aditivado,5.06,6.325
35515,366,1,11354,4,39.7,249.61,18974,4,512,"Ipimax Gasolina Aditivada",Aditivado,5.06,6.325
35515,366,1,11354,4,39.7,249.61,18967,4,511,"Ipimax Gasolina Aditivada",Aditivado,5.06,6.325
35515,366,1,11354,4,39.7,249.61,18960,4,510,"Ipimax Gasolina Aditivada",Aditivado,5.06,6.325
35515,366,1,11354,4,39.7,249.61,18953,4,509,"Ipimax Gasolina Aditivada",Aditivado,5.06,6.325
35515,366,1,11354,4,39.7,249.61,18946,4,508,"Ipimax Gasolina Aditivada",Aditivado,5.06,6.325
35515,366,1,11354,4,39.7,249.61,18939,4,507,"Ipimax Gasolina Aditivada",Aditivado,5.06,6.325
35515,366,1,11354,4,39.7,249.61,18932,4,506,"Ipimax Gasolina Aditivada",Aditivado,5.06,6.325
35515,366,1,11354,4,39.7,249.61,18925,4,505,"Ipimax Gasolina Aditivada",Aditivado,5.06,6.325
35515,366,1,11354,4,39.7,249.61,18918,4,504,"Ipimax Gasolina Aditivada",Aditivado,5.06,6.325
35515,366,1,11354,4,39.7,249.61,18911,4,503,"Ipimax Gasolina Aditivada",Aditivado,5.06,6.325
35515,366,1,11354,4,39.7,249.61,18904,4,502,"Ipimax Gasolina Aditivada",Aditivado,5.06,6.325
35515,366,1,11354,4,39.7,249.61,18897,4,501,"Ipimax Gasolina Aditivada",Aditivado,5.06,6.325
35515,366,1,11354,4,39.7,249.61,18890,4,500,"Ipimax Gasolina Aditivada",Aditivado,5.06,6.325
35515,366,1,11354,4,39.7,249.61,18883,4,499,"Ipimax Gasolina Aditivada",Aditivado,5.06,6.325
35515,366,1,11354,4,39.7,249.61,18876,4,498,"Ipimax Gasolina Aditivada",Aditivado,5.06,6.325
35515,366,1,11354,4,39.7,249.61,18869,4,497,"Ipimax Gasolina Aditivada",Aditivado,5.06,6.325
35515,366,1,11354,4,39.7,249.61,18862,4,496,"Ipimax Gasolina Aditivada",Aditivado,5.06,6.325
35515,366,1,11354,4,39.7,249.61,18855,4,495,"Ipimax Gasolina Aditivada",Aditivado,5.06,6.325
35515,366,1,11354,4,39.7,249.61,18848,4,494,"Ipimax Gasolina Aditivada",Aditivado,5.06,6.325
35515,366,1,11354,4,39.7,249.61,18841,4,493,"Ipimax Gasolina Aditivada",Aditivado,5.06,6.325
35515,366,1,11354,4,39.7,249.61,18834,4,492,"Ipimax Gasolina Aditivada",Aditivado,5.06,6.325
35515,366,1,11354,4,39.7,249.61,18827,4,491,"Ipimax Gasolina Aditivada",Aditivado,5.06,6.325
35515,366,1,11354,4,39.7,249.61,18820,4,490,"Ipimax Gasolina Aditivada",Aditivado,5.06,6.325
35515,366,1,11354,4,39.7,249.61,18813,4,489,"Ipimax Gasolina Aditivada",Aditivado,5.06,6.325
35515,366,1,11354,4,39.7,249.61,18806,4,488,"Ipimax Gasolina Aditivada",Aditivado,5.06,6.325
35515,366,1,11354,4,39.7,249.61,18799,4,487,"Ipimax Gasolina Aditivada",Aditivado,5.06,6.325
35515,366,1,11354,4,39.7,249.61,18792,4,486,"Ipimax Gasolina Aditivada",Aditivado,5.06,6.325
35515,366,1,11354,4,39.7,249.61,18785,4,485,"Ipimax Gasolina Aditivada",Aditivado,5.06,6.325
35515,366,1,11354,4,39.7,249.61,18778,4,484,"Ipimax Gasolina Aditivada",Aditivado,5.06,6.325
35515,366,1,11354,4,39.7,249.61,18771,4,483,"Ipimax Gasolina Aditivada",Aditivado,5.06,6.325
35515,366,1,11354,4,39.7,249.61,18764,4,482,"Ipimax Gasolina Aditivada",Aditivado,5.06,6.325
35515,366,1,11354,4,39.7,249.61,18757,4,481,"Ipimax Gasolina Aditivada",Aditivado,5.06,6.325
35515,366,1,11354,4,39.7,249.61,18750,4,480,"Ipimax Gasolina Aditivada",Aditivado,5.06,6.325
35515,366,1,11354,4,39.7,249.61,18743,4,479,"Ipimax Gasolina Aditivada",Aditivado,5.06,6.325
35515,366,1,11354,4,39.7,249.61,18736,4,478,"Ipimax Gasolina Aditivada",Aditivado,5.06,6.325
35515,366,1,11354,4,39.7,249.61,18729,4,477,"Ipimax Gasolina Aditivada",Aditivado,5.06,6.325
35515,366,1,11354,4,39.7,249.61,18722,4,476,"Ipimax Gasolina Aditivada",Aditivado,5.06,6.325
35515,366,1,11354,4,39.7,249.61,18715,4,475,"Ipimax Gasolina Aditivada",Aditivado,5.06,6.325
35515,366,1,11354,4,39.7,249.61,18708,4,474,"Ipimax Gasolina Aditivada",Aditivado,5.06,6.325
35515,366,1,11354,4,39.7,249.61,18701,4,473,"Ipimax Gasolina Aditivada",Aditivado,5.06,6.325
35515,366,1,11354,4,39.7,249.61,18694,4,472,"Ipimax Gasolina Aditivada",Aditivado,5.06,6.325
35515,366,1,11354,4,39.7,249.61,18687,4,471,"Ipimax Gasolina Aditivada",Aditivado,5.06,6.325
35515,366,1,11354,4,39.7,249.61,18680,4,470,"Ipimax Gasolina Aditivada",Aditivado,5.06,6.325
35515,366,1,11354,4,39.7,249.61,18673,4,469,"Ipimax Gasolina Aditivada",Aditivado,5.06,6.325
35515,366,1,11354,4,39.7,249.61,18666,4,468,"Ipimax Gasolina Aditivada",Aditivado,5.06,6.325
35515,366,1,11354,4,39.7,249.61,18659,4,467,"Ipimax Gasolina Aditivada",Aditivado,5.06,6.325
35515,366,1,11354,4,39.7,249.61,18652,4,466,"Ipimax Gasolina Aditivada",Aditivado,5.06,6.325
35515,366,1,11354,4,39.7,249.61,18645,4,465,"Ipimax Gasolina Aditivada",Aditivado,5.06,6.325
35515,366,1,11354,4,39.7,249.61,18638,4,464,"Ipimax Gasolina Aditivada",Aditivado,5.06,6.325
35515,366,1,11354,4,39.7,249.61,18631,4,463,"Ipimax Gasolina Aditivada",Aditivado,5.06,6.325
35515,366,1,11354,4,39.7,249.61,18624,4,462,"Ipimax Gasolina Aditivada",Aditivado,5.06,6.325
35515,366,1,11354,4,39.7,249.61,18617,4,461,"Ipimax Gasolina Aditivada",Aditivado,5.06,6.325
35515,366,1,11354,4,39.7,249.61,18610,4,460,"Ipimax Gasolina Aditivada",Aditivado,5.06,6.325
35515,366,1,11354,4,39.7,249.61,18603,4,459,"Ipimax Gasolina Aditivada",Aditivado,5.06,6.325
35515,366,1,11354,4,39.7,249.61,18596,4,458,"Ipimax Gasolina Aditivada",Aditivado,5.06,6.325
35515,366,1,11354,4,39.7,249.61,18589,4,457,"Ipimax Gasolina Aditivada",Aditivado,5.06,6.325
35515,366,1,11354,4,39.7,249.61,18582,4,456,"Ipimax Gasolina Aditivada",Aditivado,5.06,6.325
35515,366,1,11354,4,39.7,249.61,18575,4,455,"Ipimax Gasolina Aditivada",Aditivado,5.03,6.2875
35515,366,1,11354,4,39.7,249.61,18568,4,454,"Ipimax Gasolina Aditivada",Aditivado,5.03,6.2875
35515,366,1,11354,4,39.7,249.61,18561,4,453,"Ipimax Gasolina Aditivada",Aditivado,5.03,6.2875
35515,366,1,11354,4,39.7,249.61,18554,4,452,"Ipimax Gasolina Aditivada",Aditivado,5.03,6.2875
35515,366,1,11354,4,39.7,249.61,18547,4,451,"Ipimax Gasolina Aditivada",Aditivado,5.03,6.2875
35515,366,1,11354,4,39.7,249.61,18540,4,450,"Ipimax Gasolina Aditivada",Aditivado,5.03,6.2875
35515,366,1,11354,4,39.7,249.61,18533,4,449,"Ipimax Gasolina Aditivada",Aditivado,5.03,6.2875
35515,366,1,11354,4,39.7,249.61,18526,4,448,"Ipimax Gasolina Aditivada",Aditivado,5.03,6.2875
35515,366,1,11354,4,39.7,249.61,18519,4,447,"Ipimax Gasolina Aditivada",Aditivado,5.03,6.2875
35515,366,1,11354,4,39.7,249.61,18512,4,446,"Ipimax Gasolina Aditivada",Aditivado,5.03,6.2875
35515,366,1,11354,4,39.7,249.61,18505,4,445,"Ipimax Gasolina Aditivada",Aditivado,5.03,6.2875
35515,366,1,11354,4,39.7,249.61,18498,4,444,"Ipimax Gasolina Aditivada",Aditivado,5.03,6.2875
35515,366,1,11354,4,39.7,249.61,18491,4,443,"Ipimax Gasolina Aditivada",Aditivado,5.03,6.2875
35515,366,1,11354,4,39.7,249.61,18484,4,442,"Ipimax Gasolina Aditivada",Aditivado,5.03,6.2875
35515,366,1,11354,4,39.7,249.61,18477,4,441,"Ipimax Gasolina Aditivada",Aditivado,5.03,6.2875
35515,366,1,11354,4,39.7,249.61,18470,4,440,"Ipimax Gasolina Aditivada",Aditivado,5.03,6.2875
35515,366,1,11354,4,39.7,249.61,18463,4,439,"Ipimax Gasolina Aditivada",Aditivado,5.03,6.2875
35515,366,1,11354,4,39.7,249.61,18456,4,438,"Ipimax Gasolina Aditivada",Aditivado,5.03,6.2875
35515,366,1,11354,4,39.7,249.61,18449,4,437,"Ipimax Gasolina Aditivada",Aditivado,5.03,6.2875
35515,366,1,11354,4,39.7,249.61,18442,4,436,"Ipimax Gasolina Aditivada",Aditivado,5.03,6.2875
35515,366,1,11354,4,39.7,249.61,18435,4,435,"Ipimax Gasolina Aditivada",Aditivado,5.03,6.2875
35515,366,1,11354,4,39.7,249.61,18428,4,434,"Ipimax Gasolina Aditivada",Aditivado,5.03,6.2875
35515,366,1,11354,4,39.7,249.61,18421,4,433,"Ipimax Gasolina Aditivada",Aditivado,5.03,6.2875
35515,366,1,11354,4,39.7,249.61,18414,4,432,"Ipimax Gasolina Aditivada",Aditivado,5.03,6.2875
35515,366,1,11354,4,39.7,249.61,18407,4,431,"Ipimax Gasolina Aditivada",Aditivado,5.03,6.2875
35515,366,1,11354,4,39.7,249.61,18400,4,430,"Ipimax Gasolina Aditivada",Aditivado,5.03,6.2875
35515,366,1,11354,4,39.7,249.61,18393,4,429,"Ipimax Gasolina Aditivada",Aditivado,5.03,6.2875
35515,366,1,11354,4,39.7,249.61,18386,4,428,"Ipimax Gasolina Aditivada",Aditivado,5.03,6.2875
35515,366,1,11354,4,39.7,249.61,18379,4,427,"Ipimax Gasolina Aditivada",Aditivado,5.03,6.2875
35515,366,1,11354,4,39.7,249.61,18372,4,426,"Ipimax Gasolina Aditivada",Aditivado,5.03,6.2875
35515,366,1,11354,4,39.7,249.61,18365,4,425,"Ipimax Gasolina Aditivada",Aditivado,5.03,6.2875
35515,366,1,11354,4,39.7,249.61,18358,4,424,"Ipimax Gasolina Aditivada",Aditivado,5.03,6.2875
35515,366,1,11354,4,39.7,249.61,18351,4,423,"Ipimax Gasolina Aditivada",Aditivado,5.03,6.2875
35515,366,1,11354,4,39.7,249.61,18344,4,422,"Ipimax Gasolina Aditivada",Aditivado,5.03,6.2875
35515,366,1,11354,4,39.7,249.61,18337,4,421,"Ipimax Gasolina Aditivada",Aditivado,5.03,6.2875
35515,366,1,11354,4,39.7,249.61,18330,4,420,"Ipimax Gasolina Aditivada",Aditivado,5.03,6.2875
35515,366,1,11354,4,39.7,249.61,18323,4,419,"Ipimax Gasolina Aditivada",Aditivado,5.03,6.2875
35515,366,1,11354,4,39.7,249.61,18316,4,418,"Ipimax Gasolina Aditivada",Aditivado,5.03,6.2875
35515,366,1,11354,4,39.7,249.61,18309,4,417,"Ipimax Gasolina Aditivada",Aditivado,5.03,6.2875
35515,366,1,11354,4,39.7,249.61,18302,4,416,"Ipimax Gasolina Aditivada",Aditivado,5.03,6.2875
35515,366,1,11354,4,39.7,249.61,18295,4,415,"Ipimax Gasolina Aditivada",Aditivado,5.03,6.2875
35515,366,1,11354,4,39.7,249.61,18288,4,414,"Ipimax Gasolina Aditivada",Aditivado,5.03,6.2875
35515,366,1,11354,4,39.7,249.61,18281,4,413,"Ipimax Gasolina Aditivada",Aditivado,5.03,6.2875
35515,366,1,11354,4,39.7,249.61,18274,4,412,"Ipimax Gasolina Aditivada",Aditivado,5.03,6.2875
35515,366,1,11354,4,39.7,249.61,18267,4,411,"Ipimax Gasolina Aditivada",Aditivado,5.03,6.2875
35515,366,1,11354,4,39.7,249.61,18260,4,410,"Ipimax Gasolina Aditivada",Aditivado,5.03,6.2875
35515,366,1,11354,4,39.7,249.61,18253,4,409,"Ipimax Gasolina Aditivada",Aditivado,5.03,6.2875
35515,366,1,11354,4,39.7,249.61,18246,4,408,"Ipimax Gasolina Aditivada",Aditivado,5.03,6.2875
35515,366,1,11354,4,39.7,249.61,18239,4,407,"Ipimax Gasolina Aditivada",Aditivado,5.03,6.2875
35515,366,1,11354,4,39.7,249.61,18232,4,406,"Ipimax Gasolina Aditivada",Aditivado,5.03,6.2875
35515,366,1,11354,4,39.7,249.61,18225,4,405,"Ipimax Gasolina Aditivada",Aditivado,5.03,6.2875
35515,366,1,11354,4,39.7,249.61,18218,4,404,"Ipimax Gasolina Aditivada",Aditivado,5.03,6.2875
35515,366,1,11354,4,39.7,249.61,18211,4,403,"Ipimax Gasolina Aditivada",Aditivado,5.03,6.2875
35515,366,1,11354,4,39.7,249.61,18204,4,402,"Ipimax Gasolina Aditivada",Aditivado,5.03,6.2875
35515,366,1,11354,4,39.7,249.61,18197,4,401,"Ipimax Gasolina Aditivada",Aditivado,5.03,6.2875
35515,366,1,11354,4,39.7,249.61,18190,4,400,"Ipimax Gasolina Aditivada",Aditivado,5.03,6.2875
35515,366,1,11354,4,39.7,249.61,18183,4,399,"Ipimax Gasolina Aditivada",Aditivado,5.03,6.2875
35515,366,1,11354,4,39.7,249.61,18176,4,398,"Ipimax Gasolina Aditivada",Aditivado,5.03,6.2875
35515,366,1,11354,4,39.7,249.61,18169,4,397,"Ipimax Gasolina Aditivada",Aditivado,5.03,6.2875
35515,366,1,11354,4,39.7,249.61,18162,4,396,"Ipimax Gasolina Aditivada",Aditivado,5.03,6.2875
35515,366,1,11354,4,39.7,249.61,18155,4,395,"Ipimax Gasolina Aditivada",Aditivado,5.03,6.2875
35515,366,1,11354,4,39.7,249.61,18148,4,394,"Ipimax Gasolina Aditivada",Aditivado,5.03,6.2875
35515,366,1,11354,4,39.7,249.61,18141,4,393,"Ipimax Gasolina Aditivada",Aditivado,5.03,6.2875
35515,366,1,11354,4,39.7,249.61,18134,4,392,"Ipimax Gasolina Aditivada",Aditivado,5.03,6.2875
35515,366,1,11354,4,39.7,249.61,18127,4,391,"Ipimax Gasolina Aditivada",Aditivado,5.03,6.2875
35515,366,1,11354,4,39.7,249.61,18120,4,390,"Ipimax Gasolina Aditivada",Aditivado,5.03,6.2875
35515,366,1,11354,4,39.7,249.61,18113,4,389,"Ipimax Gasolina Aditivada",Aditivado,5.03,6.2875
35515,366,1,11354,4,39.7,249.61,18106,4,388,"Ipimax Gasolina Aditivada",Aditivado,5.03,6.2875
35515,366,1,11354,4,39.7,249.61,18099,4,387,"Ipimax Gasolina Aditivada",Aditivado,5.03,6.2875
35515,366,1,11354,4,39.7,249.61,18092,4,386,"Ipimax Gasolina Aditivada",Aditivado,5.03,6.2875
35515,366,1,11354,4,39.7,249.61,18085,4,385,"Ipimax Gasolina Aditivada",Aditivado,5.03,6.2875
35515,366,1,11354,4,39.7,249.61,18078,4,384,"Ipimax Gasolina Aditivada",Aditivado,5.03,6.2875
35515,366,1,11354,4,39.7,249.61,18071,4,383,"Ipimax Gasolina Aditivada",Aditivado,5.03,6.2875
35515,366,1,11354,4,39.7,249.61,18064,4,382,"Ipimax Gasolina Aditivada",Aditivado,5.03,6.2875
35515,366,1,11354,4,39.7,249.61,18057,4,381,"Ipimax Gasolina Aditivada",Aditivado,5.03,6.2875
35515,366,1,11354,4,39.7,249.61,18050,4,380,"Ipimax Gasolina Aditivada",Aditivado,5.03,6.2875
35515,366,1,11354,4,39.7,249.61,18043,4,379,"Ipimax Gasolina Aditivada",Aditivado,5.03,6.2875
35515,366,1,11354,4,39.7,249.61,18036,4,378,"Ipimax Gasolina Aditivada",Aditivado,5.03,6.2875
35515,366,1,11354,4,39.7,249.61,18029,4,377,"Ipimax Gasolina Aditivada",Aditivado,5.03,6.2875
35515,366,1,11354,4,39.7,249.61,18022,4,376,"Ipimax Gasolina Aditivada",Aditivado,5.03,6.2875
35515,366,1,11354,4,39.7,249.61,18015,4,375,"Ipimax Gasolina Aditivada",Aditivado,5.03,6.2875
35515,366,1,11354,4,39.7,249.61,18008,4,374,"Ipimax Gasolina Aditivada",Aditivado,5.03,6.2875
35515,366,1,11354,4,39.7,249.61,18001,4,373,"Ipimax Gasolina Aditivada",Aditivado,5.03,6.2875
35515,366,1,11354,4,39.7,249.61,17994,4,372,"Ipimax Gasolina Aditivada",Aditivado,5.03,6.2875
35515,366,1,11354,4,39.7,249.61,17987,4,371,"Ipimax Gasolina Aditivada",Aditivado,5.03,6.2875
35515,366,1,11354,4,39.7,249.61,17980,4,370,"Ipimax Gasolina Aditivada",Aditivado,5.03,6.2875
35515,366,1,11354,4,39.7,249.61,17973,4,369,"Ipimax Gasolina Aditivada",Aditivado,5.03,6.2875
35515,366,1,11354,4,39.7,249.61,17966,4,368,"Ipimax Gasolina Aditivada",Aditivado,5.03,6.2875
35515,366,1,11354,4,39.7,249.61,17959,4,367,"Ipimax Gasolina Aditivada",Aditivado,5.03,6.2875
35515,366,1,11354,4,39.7,249.61,17952,4,366,"Ipimax Gasolina Aditivada",Aditivado,5.03,6.2875
35515,366,1,11354,4,39.7,249.61,17945,4,365,"Ipimax Gasolina Aditivada",Aditivado,5.01,6.2625
35515,366,1,11354,4,39.7,249.61,17938,4,364,"Ipimax Gasolina Aditivada",Aditivado,5.01,6.2625
35515,366,1,11354,4,39.7,249.61,17931,4,363,"Ipimax Gasolina Aditivada",Aditivado,5.01,6.2625
35515,366,1,11354,4,39.7,249.61,17924,4,362,"Ipimax Gasolina Aditivada",Aditivado,5.01,6.2625
35515,366,1,11354,4,39.7,249.61,17917,4,361,"Ipimax Gasolina Aditivada",Aditivado,5.01,6.2625
35515,366,1,11354,4,39.7,249.61,17910,4,360,"Ipimax Gasolina Aditivada",Aditivado,5.01,6.2625
35515,366,1,11354,4,39.7,249.61,17903,4,359,"Ipimax Gasolina Aditivada",Aditivado,5.01,6.2625
35515,366,1,11354,4,39.7,249.61,17896,4,358,"Ipimax Gasolina Aditivada",Aditivado,5.01,6.2625
35515,366,1,11354,4,39.7,249.61,17889,4,357,"Ipimax Gasolina Aditivada",Aditivado,5.01,6.2625
35515,366,1,11354,4,39.7,249.61,17882,4,356,"Ipimax Gasolina Aditivada",Aditivado,5.01,6.2625
35515,366,1,11354,4,39.7,249.61,17875,4,355,"Ipimax Gasolina Aditivada",Aditivado,5.01,6.2625
35515,366,1,11354,4,39.7,249.61,17868,4,354,"Ipimax Gasolina Aditivada",Aditivado,5.01,6.2625
35515,366,1,11354,4,39.7,249.61,17861,4,353,"Ipimax Gasolina Aditivada",Aditivado,5.01,6.2625
35515,366,1,11354,4,39.7,249.61,17854,4,352,"Ipimax Gasolina Aditivada",Aditivado,5.01,6.2625
35515,366,1,11354,4,39.7,249.61,17847,4,351,"Ipimax Gasolina Aditivada",Aditivado,5.01,6.2625
35515,366,1,11354,4,39.7,249.61,17840,4,350,"Ipimax Gasolina Aditivada",Aditivado,5.01,6.2625
35515,366,1,11354,4,39.7,249.61,17833,4,349,"Ipimax Gasolina Aditivada",Aditivado,5.01,6.2625
35515,366,1,11354,4,39.7,249.61,17826,4,348,"Ipimax Gasolina Aditivada",Aditivado,5.01,6.2625
35515,366,1,11354,4,39.7,249.61,17819,4,347,"Ipimax Gasolina Aditivada",Aditivado,5.01,6.2625
35515,366,1,11354,4,39.7,249.61,17812,4,346,"Ipimax Gasolina Aditivada",Aditivado,5.01,6.2625
35515,366,1,11354,4,39.7,249.61,17805,4,345,"Ipimax Gasolina Aditivada",Aditivado,5.01,6.2625
35515,366,1,11354,4,39.7,249.61,17798,4,344,"Ipimax Gasolina Aditivada",Aditivado,5.01,6.2625
35515,366,1,11354,4,39.7,249.61,17791,4,343,"Ipimax Gasolina Aditivada",Aditivado,5.01,6.2625
35515,366,1,11354,4,39.7,249.61,17784,4,342,"Ipimax Gasolina Aditivada",Aditivado,5.01,6.2625
35515,366,1,11354,4,39.7,249.61,17777,4,341,"Ipimax Gasolina Aditivada",Aditivado,5.01,6.2625
35515,366,1,11354,4,39.7,249.61,17770,4,340,"Ipimax Gasolina Aditivada",Aditivado,5.01,6.2625
35515,366,1,11354,4,39.7,249.61,17763,4,339,"Ipimax Gasolina Aditivada",Aditivado,5.01,6.2625
35515,366,1,11354,4,39.7,249.61,17756,4,338,"Ipimax Gasolina Aditivada",Aditivado,5.01,6.2625
35515,366,1,11354,4,39.7,249.61,17749,4,337,"Ipimax Gasolina Aditivada",Aditivado,5.01,6.2625
35515,366,1,11354,4,39.7,249.61,17742,4,336,"Ipimax Gasolina Aditivada",Aditivado,5.01,6.2625
35515,366,1,11354,4,39.7,249.61,17735,4,335,"Ipimax Gasolina Aditivada",Aditivado,5.01,6.2625
35515,366,1,11354,4,39.7,249.61,17728,4,334,"Ipimax Gasolina Aditivada",Aditivado,5.01,6.2625
35515,366,1,11354,4,39.7,249.61,17721,4,333,"Ipimax Gasolina Aditivada",Aditivado,5.01,6.2625
35515,366,1,11354,4,39.7,249.61,17714,4,332,"Ipimax Gasolina Aditivada",Aditivado,5.01,6.2625
35515,366,1,11354,4,39.7,249.61,17707,4,331,"Ipimax Gasolina Aditivada",Aditivado,5.01,6.2625
35515,366,1,11354,4,39.7,249.61,17700,4,330,"Ipimax Gasolina Aditivada",Aditivado,5.01,6.2625
35515,366,1,11354,4,39.7,249.61,17693,4,329,"Ipimax Gasolina Aditivada",Aditivado,5.01,6.2625
35515,366,1,11354,4,39.7,249.61,17686,4,328,"Ipimax Gasolina Aditivada",Aditivado,5.01,6.2625
35515,366,1,11354,4,39.7,249.61,17679,4,327,"Ipimax Gasolina Aditivada",Aditivado,5.01,6.2625
35515,366,1,11354,4,39.7,249.61,17672,4,326,"Ipimax Gasolina Aditivada",Aditivado,5.01,6.2625
35515,366,1,11354,4,39.7,249.61,17665,4,325,"Ipimax Gasolina Aditivada",Aditivado,5.01,6.2625
35515,366,1,11354,4,39.7,249.61,17658,4,324,"Ipimax Gasolina Aditivada",Aditivado,5.01,6.2625
35515,366,1,11354,4,39.7,249.61,17651,4,323,"Ipimax Gasolina Aditivada",Aditivado,5.01,6.2625
35515,366,1,11354,4,39.7,249.61,17644,4,322,"Ipimax Gasolina Aditivada",Aditivado,5.01,6.2625
35515,366,1,11354,4,39.7,249.61,17637,4,321,"Ipimax Gasolina Aditivada",Aditivado,5.01,6.2625
35515,366,1,11354,4,39.7,249.61,17630,4,320,"Ipimax Gasolina Aditivada",Aditivado,5.01,6.2625
35515,366,1,11354,4,39.7,249.61,17623,4,319,"Ipimax Gasolina Aditivada",Aditivado,5.01,6.2625
35515,366,1,11354,4,39.7,249.61,17616,4,318,"Ipimax Gasolina Aditivada",Aditivado,5.01,6.2625
35515,366,1,11354,4,39.7,249.61,17609,4,317,"Ipimax Gasolina Aditivada",Aditivado,5.01,6.2625
35515,366,1,11354,4,39.7,249.61,17602,4,316,"Ipimax Gasolina Aditivada",Aditivado,5.01,6.2625
35515,366,1,11354,4,39.7,249.61,17595,4,315,"Ipimax Gasolina Aditivada",Aditivado,5.01,6.2625
35515,366,1,11354,4,39.7,249.61,17588,4,314,"Ipimax Gasolina Aditivada",Aditivado,5.01,6.2625
35515,366,1,11354,4,39.7,249.61,17581,4,313,"Ipimax Gasolina Aditivada",Aditivado,5.01,6.2625
35515,366,1,11354,4,39.7,249.61,17574,4,312,"Ipimax Gasolina Aditivada",Aditivado,5.01,6.2625
35515,366,1,11354,4,39.7,249.61,17567,4,311,"Ipimax Gasolina Aditivada",Aditivado,5.01,6.2625
35515,366,1,11354,4,39.7,249.61,17560,4,310,"Ipimax Gasolina Aditivada",Aditivado,5.01,6.2625
35515,366,1,11354,4,39.7,249.61,17553,4,309,"Ipimax Gasolina Aditivada",Aditivado,5.01,6.2625
35515,366,1,11354,4,39.7,249.61,17546,4,308,"Ipimax Gasolina Aditivada",Aditivado,5.01,6.2625
35515,366,1,11354,4,39.7,249.61,17539,4,307,"Ipimax Gasolina Aditivada",Aditivado,5.01,6.2625
35515,366,1,11354,4,39.7,249.61,17532,4,306,"Ipimax Gasolina Aditivada",Aditivado,5.01,6.2625
35515,366,1,11354,4,39.7,249.61,17525,4,305,"Ipimax Gasolina Aditivada",Aditivado,5.01,6.2625
35515,366,1,11354,4,39.7,249.61,17518,4,304,"Ipimax Gasolina Aditivada",Aditivado,5.01,6.2625
35515,366,1,11354,4,39.7,249.61,17511,4,303,"Ipimax Gasolina Aditivada",Aditivado,5.01,6.2625
35515,366,1,11354,4,39.7,249.61,17504,4,302,"Ipimax Gasolina Aditivada",Aditivado,5.01,6.2625
35515,366,1,11354,4,39.7,249.61,17497,4,301,"Ipimax Gasolina Aditivada",Aditivado,5.01,6.2625
35515,366,1,11354,4,39.7,249.61,17490,4,300,"Ipimax Gasolina Aditivada",Aditivado,5.01,6.2625
35515,366,1,11354,4,39.7,249.61,17483,4,299,"Ipimax Gasolina Aditivada",Aditivado,5.01,6.2625
35515,366,1,11354,4,39.7,249.61,17476,4,298,"Ipimax Gasolina Aditivada",Aditivado,5.01,6.2625
35515,366,1,11354,4,39.7,249.61,17469,4,297,"Ipimax Gasolina Aditivada",Aditivado,5.01,6.2625
35515,366,1,11354,4,39.7,249.61,17462,4,296,"Ipimax Gasolina Aditivada",Aditivado,5.01,6.2625
35515,366,1,11354,4,39.7,249.61,17455,4,295,"Ipimax Gasolina Aditivada",Aditivado,5.01,6.2625
35515,366,1,11354,4,39.7,249.61,17448,4,294,"Ipimax Gasolina Aditivada",Aditivado,5.01,6.2625
35515,366,1,11354,4,39.7,249.61,17441,4,293,"Ipimax Gasolina Aditivada",Aditivado,5.01,6.2625
35515,366,1,11354,4,39.7,249.61,17434,4,292,"Ipimax Gasolina Aditivada",Aditivado,5.01,6.2625
35515,366,1,11354,4,39.7,249.61,17427,4,291,"Ipimax Gasolina Aditivada",Aditivado,5.01,6.2625
35515,366,1,11354,4,39.7,249.61,17420,4,290,"Ipimax Gasolina Aditivada",Aditivado,5.01,6.2625
35515,366,1,11354,4,39.7,249.61,17413,4,289,"Ipimax Gasolina Aditivada",Aditivado,5.01,6.2625
35515,366,1,11354,4,39.7,249.61,17406,4,288,"Ipimax Gasolina Aditivada",Aditivado,5.01,6.2625
35515,366,1,11354,4,39.7,249.61,17399,4,287,"Ipimax Gasolina Aditivada",Aditivado,5.01,6.2625
35515,366,1,11354,4,39.7,249.61,17392,4,286,"Ipimax Gasolina Aditivada",Aditivado,5.01,6.2625
35515,366,1,11354,4,39.7,249.61,17385,4,285,"Ipimax Gasolina Aditivada",Aditivado,5.01,6.2625
35515,366,1,11354,4,39.7,249.61,17378,4,284,"Ipimax Gasolina Aditivada",Aditivado,5.01,6.2625
35515,366,1,11354,4,39.7,249.61,17371,4,283,"Ipimax Gasolina Aditivada",Aditivado,5.01,6.2625
35515,366,1,11354,4,39.7,249.61,17364,4,282,"Ipimax Gasolina Aditivada",Aditivado,5.01,6.2625
35515,366,1,11354,4,39.7,249.61,17357,4,281,"Ipimax Gasolina Aditivada",Aditivado,5.01,6.2625
35515,366,1,11354,4,39.7,249.61,17350,4,280,"Ipimax Gasolina Aditivada",Aditivado,5.01,6.2625
35515,366,1,11354,4,39.7,249.61,17343,4,279,"Ipimax Gasolina Aditivada",Aditivado,5.01,6.2625
35515,366,1,11354,4,39.7,249.61,17336,4,278,"Ipimax Gasolina Aditivada",Aditivado,5.01,6.2625
35515,366,1,11354,4,39.7,249.61,17329,4,277,"Ipimax Gasolina Aditivada",Aditivado,5.01,6.2625
35515,366,1,11354,4,39.7,249.61,17322,4,276,"Ipimax Gasolina Aditivada",Aditivado,5.01,6.2625
35515,366,1,11354,4,39.7,249.61,17315,4,275,"Ipimax Gasolina Aditivada",Aditivado,5.01,6.2625
35515,366,1,11354,4,39.7,249.61,17308,4,274,"Ipimax Gasolina Aditivada",Aditivado,5.01,6.2625
35515,366,1,11354,4,39.7,249.61,17301,4,273,"Ipimax Gasolina Aditivada",Aditivado,4.99,6.2375
35515,366,1,11354,4,39.7,249.61,17294,4,272,"Ipimax Gasolina Aditivada",Aditivado,4.99,6.2375
35515,366,1,11354,4,39.7,249.61,17287,4,271,"Ipimax Gasolina Aditivada",Aditivado,4.99,6.2375
35515,366,1,11354,4,39.7,249.61,17280,4,270,"Ipimax Gasolina Aditivada",Aditivado,4.99,6.2375
35515,366,1,11354,4,39.7,249.61,17273,4,269,"Ipimax Gasolina Aditivada",Aditivado,4.99,6.2375
35515,366,1,11354,4,39.7,249.61,17266,4,268,"Ipimax Gasolina Aditivada",Aditivado,4.99,6.2375
35515,366,1,11354,4,39.7,249.61,17259,4,267,"Ipimax Gasolina Aditivada",Aditivado,4.99,6.2375
35515,366,1,11354,4,39.7,249.61,17252,4,266,"Ipimax Gasolina Aditivada",Aditivado,4.99,6.2375
35515,366,1,11354,4,39.7,249.61,17245,4,265,"Ipimax Gasolina Aditivada",Aditivado,4.99,6.2375
35515,366,1,11354,4,39.7,249.61,17238,4,264,"Ipimax Gasolina Aditivada",Aditivado,4.99,6.2375
35515,366,1,11354,4,39.7,249.61,17231,4,263,"Ipimax Gasolina Aditivada",Aditivado,4.99,6.2375
35515,366,1,11354,4,39.7,249.61,17224,4,262,"Ipimax Gasolina Aditivada",Aditivado,4.99,6.2375
35515,366,1,11354,4,39.7,249.61,17217,4,261,"Ipimax Gasolina Aditivada",Aditivado,4.99,6.2375
35515,366,1,11354,4,39.7,249.61,17210,4,260,"Ipimax Gasolina Aditivada",Aditivado,4.99,6.2375
35515,366,1,11354,4,39.7,249.61,17203,4,259,"Ipimax Gasolina Aditivada",Aditivado,4.99,6.2375
35515,366,1,11354,4,39.7,249.61,17196,4,258,"Ipimax Gasolina Aditivada",Aditivado,4.99,6.2375
35515,366,1,11354,4,39.7,249.61,17189,4,257,"Ipimax Gasolina Aditivada",Aditivado,4.99,6.2375
35515,366,1,11354,4,39.7,249.61,17182,4,256,"Ipimax Gasolina Aditivada",Aditivado,4.99,6.2375
35515,366,1,11354,4,39.7,249.61,17175,4,255,"Ipimax Gasolina Aditivada",Aditivado,4.99,6.2375
35515,366,1,11354,4,39.7,249.61,17168,4,254,"Ipimax Gasolina Aditivada",Aditivado,4.99,6.2375
35515,366,1,11354,4,39.7,249.61,17161,4,253,"Ipimax Gasolina Aditivada",Aditivado,4.99,6.2375
35515,366,1,11354,4,39.7,249.61,17154,4,252,"Ipimax Gasolina Aditivada",Aditivado,4.99,6.2375
35515,366,1,11354,4,39.7,249.61,17147,4,251,"Ipimax Gasolina Aditivada",Aditivado,4.99,6.2375
35515,366,1,11354,4,39.7,249.61,17140,4,250,"Ipimax Gasolina Aditivada",Aditivado,4.99,6.2375
35515,366,1,11354,4,39.7,249.61,17133,4,249,"Ipimax Gasolina Aditivada",Aditivado,4.99,6.2375
35515,366,1,11354,4,39.7,249.61,17126,4,248,"Ipimax Gasolina Aditivada",Aditivado,4.99,6.2375
35515,366,1,11354,4,39.7,249.61,17119,4,247,"Ipimax Gasolina Aditivada",Aditivado,4.99,6.2375
35515,366,1,11354,4,39.7,249.61,17112,4,246,"Ipimax Gasolina Aditivada",Aditivado,4.99,6.2375
35515,366,1,11354,4,39.7,249.61,17105,4,245,"Ipimax Gasolina Aditivada",Aditivado,4.99,6.2375
35515,366,1,11354,4,39.7,249.61,17098,4,244,"Ipimax Gasolina Aditivada",Aditivado,4.99,6.2375
35515,366,1,11354,4,39.7,249.61,17091,4,243,"Ipimax Gasolina Aditivada",Aditivado,4.99,6.2375
35515,366,1,11354,4,39.7,249.61,17084,4,242,"Ipimax Gasolina Aditivada",Aditivado,4.99,6.2375
35515,366,1,11354,4,39.7,249.61,17077,4,241,"Ipimax Gasolina Aditivada",Aditivado,4.99,6.2375
35515,366,1,11354,4,39.7,249.61,17070,4,240,"Ipimax Gasolina Aditivada",Aditivado,4.99,6.2375
35515,366,1,11354,4,39.7,249.61,17063,4,239,"Ipimax Gasolina Aditivada",Aditivado,4.99,6.2375
35515,366,1,11354,4,39.7,249.61,17056,4,238,"Ipimax Gasolina Aditivada",Aditivado,4.99,6.2375
35515,366,1,11354,4,39.7,249.61,17049,4,237,"Ipimax Gasolina Aditivada",Aditivado,4.99,6.2375
35515,366,1,11354,4,39.7,249.61,17042,4,236,"Ipimax Gasolina Aditivada",Aditivado,4.99,6.2375
35515,366,1,11354,4,39.7,249.61,17035,4,235,"Ipimax Gasolina Aditivada",Aditivado,4.99,6.2375
35515,366,1,11354,4,39.7,249.61,17028,4,234,"Ipimax Gasolina Aditivada",Aditivado,4.99,6.2375
35515,366,1,11354,4,39.7,249.61,17021,4,233,"Ipimax Gasolina Aditivada",Aditivado,4.99,6.2375
35515,366,1,11354,4,39.7,249.61,17014,4,232,"Ipimax Gasolina Aditivada",Aditivado,4.99,6.2375
35515,366,1,11354,4,39.7,249.61,17007,4,231,"Ipimax Gasolina Aditivada",Aditivado,4.99,6.2375
35515,366,1,11354,4,39.7,249.61,17000,4,230,"Ipimax Gasolina Aditivada",Aditivado,4.99,6.2375
35515,366,1,11354,4,39.7,249.61,16993,4,229,"Ipimax Gasolina Aditivada",Aditivado,4.99,6.2375
35515,366,1,11354,4,39.7,249.61,16986,4,228,"Ipimax Gasolina Aditivada",Aditivado,4.99,6.2375
35515,366,1,11354,4,39.7,249.61,16979,4,227,"Ipimax Gasolina Aditivada",Aditivado,4.99,6.2375
35515,366,1,11354,4,39.7,249.61,16972,4,226,"Ipimax Gasolina Aditivada",Aditivado,4.99,6.2375
35515,366,1,11354,4,39.7,249.61,16965,4,225,"Ipimax Gasolina Aditivada",Aditivado,4.99,6.2375
35515,366,1,11354,4,39.7,249.61,16958,4,224,"Ipimax Gasolina Aditivada",Aditivado,4.99,6.2375
35515,366,1,11354,4,39.7,249.61,16951,4,223,"Ipimax Gasolina Aditivada",Aditivado,4.99,6.2375
35515,366,1,11354,4,39.7,249.61,16944,4,222,"Ipimax Gasolina Aditivada",Aditivado,4.99,6.2375
35515,366,1,11354,4,39.7,249.61,16937,4,221,"Ipimax Gasolina Aditivada",Aditivado,4.99,6.2375
35515,366,1,11354,4,39.7,249.61,16930,4,220,"Ipimax Gasolina Aditivada",Aditivado,4.99,6.2375
35515,366,1,11354,4,39.7,249.61,16923,4,219,"Ipimax Gasolina Aditivada",Aditivado,4.99,6.2375
35515,366,1,11354,4,39.7,249.61,16916,4,218,"Ipimax Gasolina Aditivada",Aditivado,4.99,6.2375
35515,366,1,11354,4,39.7,249.61,16909,4,217,"Ipimax Gasolina Aditivada",Aditivado,4.99,6.2375
35515,366,1,11354,4,39.7,249.61,16902,4,216,"Ipimax Gasolina Aditivada",Aditivado,4.99,6.2375
35515,366,1,11354,4,39.7,249.61,16895,4,215,"Ipimax Gasolina Aditivada",Aditivado,4.99,6.2375
35515,366,1,11354,4,39.7,249.61,16888,4,214,"Ipimax Gasolina Aditivada",Aditivado,4.99,6.2375
35515,366,1,11354,4,39.7,249.61,16881,4,213,"Ipimax Gasolina Aditivada",Aditivado,4.99,6.2375
35515,366,1,11354,4,39.7,249.61,16874,4,212,"Ipimax Gasolina Aditivada",Aditivado,4.99,6.2375
35515,366,1,11354,4,39.7,249.61,16867,4,211,"Ipimax Gasolina Aditivada",Aditivado,4.99,6.2375
35515,366,1,11354,4,39.7,249.61,16860,4,210,"Ipimax Gasolina Aditivada",Aditivado,4.99,6.2375
35515,366,1,11354,4,39.7,249.61,16853,4,209,"Ipimax Gasolina Aditivada",Aditivado,4.99,6.2375
35515,366,1,11354,4,39.7,249.61,16846,4,208,"Ipimax Gasolina Aditivada",Aditivado,4.99,6.2375
35515,366,1,11354,4,39.7,249.61,16839,4,207,"Ipimax Gasolina Aditivada",Aditivado,4.99,6.2375
35515,366,1,11354,4,39.7,249.61,16832,4,206,"Ipimax Gasolina Aditivada",Aditivado,4.99,6.2375
35515,366,1,11354,4,39.7,249.61,16825,4,205,"Ipimax Gasolina Aditivada",Aditivado,4.99,6.2375
35515,366,1,11354,4,39.7,249.61,16818,4,204,"Ipimax Gasolina Aditivada",Aditivado,4.99,6.2375
35515,366,1,11354,4,39.7,249.61,16811,4,203,"Ipimax Gasolina Aditivada",Aditivado,4.99,6.2375
35515,366,1,11354,4,39.7,249.61,16804,4,202,"Ipimax Gasolina Aditivada",Aditivado,4.99,6.2375
35515,366,1,11354,4,39.7,249.61,16797,4,201,"Ipimax Gasolina Aditivada",Aditivado,4.99,6.2375
35515,366,1,11354,4,39.7,249.61,16790,4,200,"Ipimax Gasolina Aditivada",Aditivado,4.99,6.2375
35515,366,1,11354,4,39.7,249.61,16783,4,199,"Ipimax Gasolina Aditivada",Aditivado,4.99,6.2375
35515,366,1,11354,4,39.7,249.61,16776,4,198,"Ipimax Gasolina Aditivada",Aditivado,4.99,6.2375
35515,366,1,11354,4,39.7,249.61,16769,4,197,"Ipimax Gasolina Aditivada",Aditivado,4.99,6.2375
35515,366,1,11354,4,39.7,249.61,16762,4,196,"Ipimax Gasolina Aditivada",Aditivado,4.99,6.2375
35515,366,1,11354,4,39.7,249.61,16755,4,195,"Ipimax Gasolina Aditivada",Aditivado,4.99,6.2375
35515,366,1,11354,4,39.7,249.61,16748,4,194,"Ipimax Gasolina Aditivada",Aditivado,4.99,6.2375
35515,366,1,11354,4,39.7,249.61,16741,4,193,"Ipimax Gasolina Aditivada",Aditivado,4.99,6.2375
35515,366,1,11354,4,39.7,249.61,16734,4,192,"Ipimax Gasolina Aditivada",Aditivado,4.99,6.2375
35515,366,1,11354,4,39.7,249.61,16727,4,191,"Ipimax Gasolina Aditivada",Aditivado,4.99,6.2375
35515,366,1,11354,4,39.7,249.61,16720,4,190,"Ipimax Gasolina Aditivada",Aditivado,4.99,6.2375
35515,366,1,11354,4,39.7,249.61,16713,4,189,"Ipimax Gasolina Aditivada",Aditivado,4.99,6.2375
35515,366,1,11354,4,39.7,249.61,16706,4,188,"Ipimax Gasolina Aditivada",Aditivado,4.99,6.2375
35515,366,1,11354,4,39.7,249.61,16699,4,187,"Ipimax Gasolina Aditivada",Aditivado,4.99,6.2375
35515,366,1,11354,4,39.7,249.61,16692,4,186,"Ipimax Gasolina Aditivada",Aditivado,4.99,6.2375
35515,366,1,11354,4,39.7,249.61,16685,4,185,"Ipimax Gasolina Aditivada",Aditivado,4.99,6.2375
35515,366,1,11354,4,39.7,249.61,16678,4,184,"Ipimax Gasolina Aditivada",Aditivado,4.99,6.2375
35515,366,1,11354,4,39.7,249.61,16671,4,183,"Ipimax Gasolina Aditivada",Aditivado,4.99,6.2375
35515,366,1,11354,4,39.7,249.61,16664,4,182,"Ipimax Gasolina Aditivada",Aditivado,4.99,6.2375
35515,366,1,11354,4,39.7,249.61,16657,4,181,"Ipimax Gasolina Aditivada",Aditivado,4.92,6.15
35515,366,1,11354,4,39.7,249.61,16650,4,180,"Ipimax Gasolina Aditivada",Aditivado,4.92,6.15
35515,366,1,11354,4,39.7,249.61,16643,4,179,"Ipimax Gasolina Aditivada",Aditivado,4.92,6.15
35515,366,1,11354,4,39.7,249.61,16636,4,178,"Ipimax Gasolina Aditivada",Aditivado,4.92,6.15
35515,366,1,11354,4,39.7,249.61,16629,4,177,"Ipimax Gasolina Aditivada",Aditivado,4.92,6.15
35515,366,1,11354,4,39.7,249.61,16622,4,176,"Ipimax Gasolina Aditivada",Aditivado,4.92,6.15
35515,366,1,11354,4,39.7,249.61,16615,4,175,"Ipimax Gasolina Aditivada",Aditivado,4.92,6.15
35515,366,1,11354,4,39.7,249.61,16608,4,174,"Ipimax Gasolina Aditivada",Aditivado,4.92,6.15
35515,366,1,11354,4,39.7,249.61,16601,4,173,"Ipimax Gasolina Aditivada",Aditivado,4.92,6.15
35515,366,1,11354,4,39.7,249.61,16594,4,172,"Ipimax Gasolina Aditivada",Aditivado,4.92,6.15
35515,366,1,11354,4,39.7,249.61,16587,4,171,"Ipimax Gasolina Aditivada",Aditivado,4.92,6.15
35515,366,1,11354,4,39.7,249.61,16580,4,170,"Ipimax Gasolina Aditivada",Aditivado,4.92,6.15
35515,366,1,11354,4,39.7,249.61,16573,4,169,"Ipimax Gasolina Aditivada",Aditivado,4.92,6.15
35515,366,1,11354,4,39.7,249.61,16566,4,168,"Ipimax Gasolina Aditivada",Aditivado,4.92,6.15
35515,366,1,11354,4,39.7,249.61,16559,4,167,"Ipimax Gasolina Aditivada",Aditivado,4.92,6.15
35515,366,1,11354,4,39.7,249.61,16552,4,166,"Ipimax Gasolina Aditivada",Aditivado,4.92,6.15
35515,366,1,11354,4,39.7,249.61,16545,4,165,"Ipimax Gasolina Aditivada",Aditivado,4.92,6.15
35515,366,1,11354,4,39.7,249.61,16538,4,164,"Ipimax Gasolina Aditivada",Aditivado,4.92,6.15
35515,366,1,11354,4,39.7,249.61,16531,4,163,"Ipimax Gasolina Aditivada",Aditivado,4.92,6.15
35515,366,1,11354,4,39.7,249.61,16524,4,162,"Ipimax Gasolina Aditivada",Aditivado,4.92,6.15
35515,366,1,11354,4,39.7,249.61,16517,4,161,"Ipimax Gasolina Aditivada",Aditivado,4.92,6.15
35515,366,1,11354,4,39.7,249.61,16510,4,160,"Ipimax Gasolina Aditivada",Aditivado,4.92,6.15
35515,366,1,11354,4,39.7,249.61,16503,4,159,"Ipimax Gasolina Aditivada",Aditivado,4.92,6.15
35515,366,1,11354,4,39.7,249.61,16496,4,158,"Ipimax Gasolina Aditivada",Aditivado,4.92,6.15
35515,366,1,11354,4,39.7,249.61,16489,4,157,"Ipimax Gasolina Aditivada",Aditivado,4.92,6.15
35515,366,1,11354,4,39.7,249.61,16482,4,156,"Ipimax Gasolina Aditivada",Aditivado,4.92,6.15
35515,366,1,11354,4,39.7,249.61,16475,4,155,"Ipimax Gasolina Aditivada",Aditivado,4.92,6.15
35515,366,1,11354,4,39.7,249.61,16468,4,154,"Ipimax Gasolina Aditivada",Aditivado,4.92,6.15
35515,366,1,11354,4,39.7,249.61,16461,4,153,"Ipimax Gasolina Aditivada",Aditivado,4.92,6.15
35515,366,1,11354,4,39.7,249.61,16454,4,152,"Ipimax Gasolina Aditivada",Aditivado,4.92,6.15
35515,366,1,11354,4,39.7,249.61,16447,4,151,"Ipimax Gasolina Aditivada",Aditivado,4.92,6.15
35515,366,1,11354,4,39.7,249.61,16440,4,150,"Ipimax Gasolina Aditivada",Aditivado,4.92,6.15
35515,366,1,11354,4,39.7,249.61,16433,4,149,"Ipimax Gasolina Aditivada",Aditivado,4.92,6.15
35515,366,1,11354,4,39.7,249.61,16426,4,148,"Ipimax Gasolina Aditivada",Aditivado,4.92,6.15
35515,366,1,11354,4,39.7,249.61,16419,4,147,"Ipimax Gasolina Aditivada",Aditivado,4.92,6.15
35515,366,1,11354,4,39.7,249.61,16412,4,146,"Ipimax Gasolina Aditivada",Aditivado,4.92,6.15
35515,366,1,11354,4,39.7,249.61,16405,4,145,"Ipimax Gasolina Aditivada",Aditivado,4.92,6.15
35515,366,1,11354,4,39.7,249.61,16398,4,144,"Ipimax Gasolina Aditivada",Aditivado,4.92,6.15
35515,366,1,11354,4,39.7,249.61,16391,4,143,"Ipimax Gasolina Aditivada",Aditivado,4.92,6.15
35515,366,1,11354,4,39.7,249.61,16384,4,142,"Ipimax Gasolina Aditivada",Aditivado,4.92,6.15
35515,366,1,11354,4,39.7,249.61,16377,4,141,"Ipimax Gasolina Aditivada",Aditivado,4.92,6.15
35515,366,1,11354,4,39.7,249.61,16370,4,140,"Ipimax Gasolina Aditivada",Aditivado,4.92,6.15
35515,366,1,11354,4,39.7,249.61,16363,4,139,"Ipimax Gasolina Aditivada",Aditivado,4.92,6.15
35515,366,1,11354,4,39.7,249.61,16356,4,138,"Ipimax Gasolina Aditivada",Aditivado,4.92,6.15
35515,366,1,11354,4,39.7,249.61,16349,4,137,"Ipimax Gasolina Aditivada",Aditivado,4.92,6.15
35515,366,1,11354,4,39.7,249.61,16342,4,136,"Ipimax Gasolina Aditivada",Aditivado,4.92,6.15
35515,366,1,11354,4,39.7,249.61,16335,4,135,"Ipimax Gasolina Aditivada",Aditivado,4.92,6.15
35515,366,1,11354,4,39.7,249.61,16328,4,134,"Ipimax Gasolina Aditivada",Aditivado,4.92,6.15
35515,366,1,11354,4,39.7,249.61,16321,4,133,"Ipimax Gasolina Aditivada",Aditivado,4.92,6.15
35515,366,1,11354,4,39.7,249.61,16314,4,132,"Ipimax Gasolina Aditivada",Aditivado,4.92,6.15
35515,366,1,11354,4,39.7,249.61,16307,4,131,"Ipimax Gasolina Aditivada",Aditivado,4.92,6.15
35515,366,1,11354,4,39.7,249.61,16300,4,130,"Ipimax Gasolina Aditivada",Aditivado,4.92,6.15
35515,366,1,11354,4,39.7,249.61,16293,4,129,"Ipimax Gasolina Aditivada",Aditivado,4.92,6.15
35515,366,1,11354,4,39.7,249.61,16286,4,128,"Ipimax Gasolina Aditivada",Aditivado,4.92,6.15
35515,366,1,11354,4,39.7,249.61,16279,4,127,"Ipimax Gasolina Aditivada",Aditivado,4.92,6.15
35515,366,1,11354,4,39.7,249.61,16272,4,126,"Ipimax Gasolina Aditivada",Aditivado,4.92,6.15
35515,366,1,11354,4,39.7,249.61,16265,4,125,"Ipimax Gasolina Aditivada",Aditivado,4.92,6.15
35515,366,1,11354,4,39.7,249.61,16258,4,124,"Ipimax Gasolina Aditivada",Aditivado,4.92,6.15
35515,366,1,11354,4,39.7,249.61,16251,4,123,"Ipimax Gasolina Aditivada",Aditivado,4.92,6.15
35515,366,1,11354,4,39.7,249.61,16244,4,122,"Ipimax Gasolina Aditivada",Aditivado,4.92,6.15
35515,366,1,11354,4,39.7,249.61,16237,4,121,"Ipimax Gasolina Aditivada",Aditivado,4.92,6.15
35515,366,1,11354,4,39.7,249.61,16230,4,120,"Ipimax Gasolina Aditivada",Aditivado,4.92,6.15
35515,366,1,11354,4,39.7,249.61,16223,4,119,"Ipimax Gasolina Aditivada",Aditivado,4.92,6.15
35515,366,1,11354,4,39.7,249.61,16216,4,118,"Ipimax Gasolina Aditivada",Aditivado,4.92,6.15
35515,366,1,11354,4,39.7,249.61,16209,4,117,"Ipimax Gasolina Aditivada",Aditivado,4.92,6.15
35515,366,1,11354,4,39.7,249.61,16202,4,116,"Ipimax Gasolina Aditivada",Aditivado,4.92,6.15
35515,366,1,11354,4,39.7,249.61,16195,4,115,"Ipimax Gasolina Aditivada",Aditivado,4.92,6.15
35515,366,1,11354,4,39.7,249.61,16188,4,114,"Ipimax Gasolina Aditivada",Aditivado,4.92,6.15
35515,366,1,11354,4,39.7,249.61,16181,4,113,"Ipimax Gasolina Aditivada",Aditivado,4.92,6.15
35515,366,1,11354,4,39.7,249.61,16174,4,112,"Ipimax Gasolina Aditivada",Aditivado,4.92,6.15
35515,366,1,11354,4,39.7,249.61,16167,4,111,"Ipimax Gasolina Aditivada",Aditivado,4.92,6.15
35515,366,1,11354,4,39.7,249.61,16160,4,110,"Ipimax Gasolina Aditivada",Aditivado,4.92,6.15
35515,366,1,11354,4,39.7,249.61,16153,4,109,"Ipimax Gasolina Aditivada",Aditivado,4.92,6.15
35515,366,1,11354,4,39.7,249.61,16146,4,108,"Ipimax Gasolina Aditivada",Aditivado,4.92,6.15
35515,366,1,11354,4,39.7,249.61,16139,4,107,"Ipimax Gasolina Aditivada",Aditivado,4.92,6.15
35515,366,1,11354,4,39.7,249.61,16132,4,106,"Ipimax Gasolina Aditivada",Aditivado,4.92,6.15
35515,366,1,11354,4,39.7,249.61,16125,4,105,"Ipimax Gasolina Aditivada",Aditivado,4.92,6.15
35515,366,1,11354,4,39.7,249.61,16118,4,104,"Ipimax Gasolina Aditivada",Aditivado,4.92,6.15
35515,366,1,11354,4,39.7,249.61,16111,4,103,"Ipimax Gasolina Aditivada",Aditivado,4.92,6.15
35515,366,1,11354,4,39.7,249.61,16104,4,102,"Ipimax Gasolina Aditivada",Aditivado,4.92,6.15
35515,366,1,11354,4,39.7,249.61,16097,4,101,"Ipimax Gasolina Aditivada",Aditivado,4.92,6.15
35515,366,1,11354,4,39.7,249.61,16090,4,100,"Ipimax Gasolina Aditivada",Aditivado,4.92,6.15
35515,366,1,11354,4,39.7,249.61,16083,4,99,"Ipimax Gasolina Aditivada",Aditivado,4.92,6.15
35515,366,1,11354,4,39.7,249.61,16076,4,98,"Ipimax Gasolina Aditivada",Aditivado,4.92,6.15
35515,366,1,11354,4,39.7,249.61,16069,4,97,"Ipimax Gasolina Aditivada",Aditivado,4.92,6.15
35515,366,1,11354,4,39.7,249.61,16062,4,96,"Ipimax Gasolina Aditivada",Aditivado,4.92,6.15
35515,366,1,11354,4,39.7,249.61,16055,4,95,"Ipimax Gasolina Aditivada",Aditivado,4.92,6.15
35515,366,1,11354,4,39.7,249.61,16048,4,94,"Ipimax Gasolina Aditivada",Aditivado,4.92,6.15
35515,366,1,11354,4,39.7,249.61,16041,4,93,"Ipimax Gasolina Aditivada",Aditivado,4.92,6.15
35515,366,1,11354,4,39.7,249.61,16034,4,92,"Ipimax Gasolina Aditivada",Aditivado,4.92,6.15
35515,366,1,11354,4,39.7,249.61,16027,4,91,"Ipimax Gasolina Aditivada",Aditivado,4.92,6.15
35515,366,1,11354,4,39.7,249.61,16020,4,90,"Ipimax Gasolina Aditivada",Aditivado,4.68,5.85
35515,366,1,11354,4,39.7,249.61,16013,4,89,"Ipimax Gasolina Aditivada",Aditivado,4.68,5.85
35515,366,1,11354,4,39.7,249.61,16006,4,88,"Ipimax Gasolina Aditivada",Aditivado,4.68,5.85
35515,366,1,11354,4,39.7,249.61,15999,4,87,"Ipimax Gasolina Aditivada",Aditivado,4.68,5.85
35515,366,1,11354,4,39.7,249.61,15992,4,86,"Ipimax Gasolina Aditivada",Aditivado,4.68,5.85
35515,366,1,11354,4,39.7,249.61,15985,4,85,"Ipimax Gasolina Aditivada",Aditivado,4.68,5.85
35515,366,1,11354,4,39.7,249.61,15978,4,84,"Ipimax Gasolina Aditivada",Aditivado,4.68,5.85
35515,366,1,11354,4,39.7,249.61,15971,4,83,"Ipimax Gasolina Aditivada",Aditivado,4.68,5.85
35515,366,1,11354,4,39.7,249.61,15964,4,82,"Ipimax Gasolina Aditivada",Aditivado,4.68,5.85
35515,366,1,11354,4,39.7,249.61,15957,4,81,"Ipimax Gasolina Aditivada",Aditivado,4.68,5.85
35515,366,1,11354,4,39.7,249.61,15950,4,80,"Ipimax Gasolina Aditivada",Aditivado,4.68,5.85
35515,366,1,11354,4,39.7,249.61,15943,4,79,"Ipimax Gasolina Aditivada",Aditivado,4.68,5.85
35515,366,1,11354,4,39.7,249.61,15936,4,78,"Ipimax Gasolina Aditivada",Aditivado,4.68,5.85
35515,366,1,11354,4,39.7,249.61,15929,4,77,"Ipimax Gasolina Aditivada",Aditivado,4.68,5.85
35515,366,1,11354,4,39.7,249.61,15922,4,76,"Ipimax Gasolina Aditivada",Aditivado,4.68,5.85
35515,366,1,11354,4,39.7,249.61,15915,4,75,"Ipimax Gasolina Aditivada",Aditivado,4.68,5.85
35515,366,1,11354,4,39.7,249.61,15908,4,74,"Ipimax Gasolina Aditivada",Aditivado,4.68,5.85
35515,366,1,11354,4,39.7,249.61,15901,4,73,"Ipimax Gasolina Aditivada",Aditivado,4.68,5.85
35515,366,1,11354,4,39.7,249.61,15894,4,72,"Ipimax Gasolina Aditivada",Aditivado,4.68,5.85
35515,366,1,11354,4,39.7,249.61,15887,4,71,"Ipimax Gasolina Aditivada",Aditivado,4.68,5.85
35515,366,1,11354,4,39.7,249.61,15880,4,70,"Ipimax Gasolina Aditivada",Aditivado,4.68,5.85
35515,366,1,11354,4,39.7,249.61,15873,4,69,"Ipimax Gasolina Aditivada",Aditivado,4.68,5.85
35515,366,1,11354,4,39.7,249.61,15866,4,68,"Ipimax Gasolina Aditivada",Aditivado,4.68,5.85
35515,366,1,11354,4,39.7,249.61,15859,4,67,"Ipimax Gasolina Aditivada",Aditivado,4.68,5.85
35515,366,1,11354,4,39.7,249.61,15852,4,66,"Ipimax Gasolina Aditivada",Aditivado,4.68,5.85
35515,366,1,11354,4,39.7,249.61,15845,4,65,"Ipimax Gasolina Aditivada",Aditivado,4.68,5.85
